風間杜夫,高橋克実,0.5574508309364319
板尾創路,風間杜夫,0.5525095264116923
西田敏行,風間杜夫,0.5384183049201965
風間杜夫,高田純次,0.5288430154323578
錦織一清,風間杜夫,0.5226994355519613
ひかる一平,風間杜夫,0.5348205089569091
風間杜夫,高橋英樹,0.5104683637619019
原田大二郎,風間杜夫,0.5240635871887207
中原丈雄,風間杜夫,0.5460282564163208
八木麻紗子,吉田明世,0.5669163380350385
吉田明世,片渕茜,0.5077755451202393
吉田明世,滝菜月,0.503696858882904
吉田明世,水卜麻美,0.5074201822280884
吉田明世,枡田絵理奈,0.5420414209365845
夏帆,山口夕輝,0.5344578623771667
トータス松本,遠藤憲一,0.5294251441955566
ディーン・フジオカ,トータス松本,0.5258601903915405
トータス松本,新井浩文,0.516983687877655
トータス松本,河本準一,0.5033461451530457
トータス松本,高田純次,0.5625573992729187
トータス松本,寺田稔,0.5190416574478149
愛華みれ,櫻井淳子,0.5831755697727203
愛華みれ,林美桜,0.5989091661241319
中田有紀,愛華みれ,0.6242342948913574
三吉彩花,鈴木拡樹,0.5036417841911316
加藤和樹,鈴木拡樹,0.6114753484725952
森本慎太郎,鈴木拡樹,0.5811691880226135
神木隆之介,鈴木拡樹,0.5061277031898499
安田成美,有森裕子,0.5072019696235657
安蘭けい,有森裕子,0.5437980890274048
太田裕美,生田智子,0.5613494962453842
櫻井淳子,生田智子,0.5393746097882589
愛華みれ,生田智子,0.5390819311141968
ルー大柴,榎並大二郎,0.5172047019004822
榎並大二郎,鈴木浩介,0.5428354740142822
小島よしお,柳楽優弥,0.540617823600769
小島よしお,片寄涼太,0.5094287991523743
小島よしお,永瀬匡,0.5054574608802795
中尾明慶,小島よしお,0.523876965045929
小島よしお,江角マキコ,0.5051308274269104
小島よしお,長谷部誠,0.506748616695404
小島よしお,河野太郎,0.5066882371902466
伊藤英明,小島よしお,0.509917676448822
ウエンツ瑛士,山口達也,0.6001256108283997
ひかる一平,山口達也,0.5963447988033295
山口達也,鈴木浩介,0.5411914785703024
山口達也,島田一輝,0.5430664718151093
又吉直樹,山口達也,0.6466190814971924
山口達也,河合龍之介,0.5008795261383057
反町隆史,山口達也,0.5701870322227478
丸川珠代,島田陽子,0.5399012714624405
坂上二郎,堺正章,0.516880989074707
ぼんちおさむ,坂上二郎,0.568081259727478
坂上二郎,近藤正臣,0.5519663691520691
坂上二郎,安田和博,0.5188566446304321
坂上二郎,尾身茂,0.535135805606842
坂上二郎,金田明夫,0.5000762939453125
坂上二郎,浜田雅功,0.5033373236656189
坂上二郎,渥美清,0.5725155472755432
坂上二郎,石原伸晃,0.5346575975418091
とよた真帆,はるな愛,0.5075685977935791
一青窈,扇千景,0.5415944457054138
一青窈,友近,0.5354555674961635
一青窈,紺野まひる,0.5435472130775452
一青窈,佐藤寛子,0.556654155254364
愛川欽也,石破茂,0.5368486605584621
ケーシー高峰,愛川欽也,0.5401429831981659
三宅正治,愛川欽也,0.5413535535335541
マギー司郎,愛川欽也,0.533794105052948
愛川欽也,輪島功一,0.5300927013158798
愛川欽也,辛坊治郎,0.5222335755825043
愛川欽也,間寛平,0.512000173330307
ガッツ石松,愛川欽也,0.5224785407384237
愛川欽也,船越英一郎,0.51965860525767
愛川欽也,火野正平,0.5152743458747864
吉岡秀隆,愛川欽也,0.5201824903488159
大村崑,愛川欽也,0.5517431039076585
愛川欽也,阿藤快,0.5439579273973193
ビートたけし,愛川欽也,0.5016692876815796
愛川欽也,野村克也,0.5274537404378256
大熊英司,愛川欽也,0.5162781476974487
愛川欽也,高島忠夫,0.5061538815498352
愛川欽也,関口宏,0.5054428577423096
愛川欽也,習近平,0.5047707259654999
ウド鈴木,愛川欽也,0.5059701999028524
広澤克実,愛川欽也,0.5088120698928833
おぎやはぎ小木,愛川欽也,0.6057277917861938
小木博明,愛川欽也,0.5439620699201312
中川パラダイス,清水俊輔,0.5644108355045319
三浦友和,清水俊輔,0.5070252418518066
丸山隆平,清水俊輔,0.5132744312286377
皆川玲奈,皆藤愛子,0.5337937474250793
山本雪乃,皆川玲奈,0.7112047331673759
皆川玲奈,繁田美貴,0.5235688090324402
皆川玲奈,菊池桃子,0.5646295666694641
白石美帆,皆川玲奈,0.5961934924125671
後藤泉,晴野未子,0.5199360251426697
晴野未子,鬼頭未来,0.5000038743019104
戸田れい,都丸紗也華,0.5125162601470947
中田有紀,戸田れい,0.523445725440979
吹石一恵,戸田れい,0.5573581457138062
戸田れい,杏さゆり,0.5440694987773895
川村ゆきえ,戸田れい,0.5686229169368744
戸田れい,橘ゆりか,0.567574143409729
戸田れい,櫻井淳子,0.5640268802642823
小倉弘子,戸田れい,0.5244985222816467
吹石一恵,宮崎瑠依,0.5722188353538513
宮崎瑠依,市川由衣,0.5012220740318298
中田有紀,宮崎瑠依,0.5487765669822693
工藤晴香,黒澤美澪奈,0.5358064770698547
髙畑結希,黒澤美澪奈,0.5204135974248251
加藤紀子,黒澤美澪奈,0.5092551708221436
井上貴博,今井翼,0.5437286794185638
今井翼,袴田吉彦,0.5302911996841431
今井翼,菅広文,0.517392118771871
今井翼,大槻ケンヂ,0.5190511544545492
今井翼,青木崇高,0.5229781270027161
今井翼,滝沢秀明,0.748366634051005
今井翼,柄本時生,0.5051916837692261
今井翼,矢作兼,0.5329551299413046
今井翼,大仁田厚,0.5387127995491028
梅宮アンナ,渡辺瑠海,0.5197704008647374
櫻井淳子,渡辺瑠海,0.5365549524625143
森杏奈,逢沢りな,0.5146069526672363
早坂つむぎ,森杏奈,0.5095628499984741
大仁田厚,岡田義徳,0.5986106197039286
岡田義徳,溝口琢矢,0.576093852519989
岡田義徳,西村瑞樹,0.5534178018569946
大谷翔平,岡田義徳,0.5155631303787231
天野ひろゆき,岡田義徳,0.54600923260053
勝間和代,川村ゆきえ,0.5012856721878052
川村ゆきえ,芦名星,0.5103595852851868
佐保明梨,入山法子,0.5077580064535141
岡本圭人,片寄涼太,0.63447605073452
尾野真千子,浅田真央,0.5328109264373779
尾野真千子,田中理恵,0.5454327662785848
尾野真千子,広末涼子,0.5274162803377423
小林茉里奈,髙寺沙菜,0.5042840242385864
小林茉里奈,田村菜月,0.5203167994817098
ケラリーノ・サンドロヴィッチ,溝口琢矢,0.5794188499450683
峯田和伸,溝口琢矢,0.5627428293228149
溝口琢矢,鮎川太陽,0.5395519137382507
三浦翔平,溝口琢矢,0.5295422375202179
佐藤勝利,溝口琢矢,0.523814745247364
加藤慶祐,溝口琢矢,0.5134556531906128
溝口琢矢,間宮祥太朗,0.5236273407936096
中川大志,溝口琢矢,0.5125231742858887
溝口琢矢,紀真耶,0.5453553299109141
八木亜紀子,溝口琢矢,0.537975549697876
溝口琢矢,窪田正孝,0.5228880643844604
溝口琢矢,高橋一生,0.5218680202960968
溝口琢矢,片寄涼太,0.5118892192840576
溝口琢矢,神木隆之介,0.501935621102651
古原靖久,溝口琢矢,0.5441506505012512
山下美月,溝口琢矢,0.5266073942184448
久保田秀敏,溝口琢矢,0.5021293759346008
伊藤利尋,猫ひろし,0.5996695481813871
ピエール瀧,伊藤利尋,0.5495891400745937
さとう宗幸,伊藤利尋,0.5336660742759705
伊藤利尋,林家木久扇,0.5701250433921814
伊藤利尋,岡村隆史,0.5116426944732666
伊藤利尋,安田和博,0.504818320274353
ゆうみ,神志那結衣,0.6027062237262726
ゆうみ,橘美緒,0.5635563731193542
ゆうみ,三宅ひとみ,0.5555270910263062
ゆうみ,高嶋菜七,0.5303987264633179
ゆうみ,矢作萌夏,0.5187562704086304
ゆうみ,北村優羽,0.5166996717453003
なべおさみ,伊達みきお,0.5211361646652222
なべおさみ,古田新太,0.5293789903322855
なべおさみ,温水洋一,0.5543731351693472
なべおさみ,加山雄三,0.5487736642360688
なべおさみ,佐藤二朗,0.5123793482780457
なべおさみ,梅沢富美男,0.5276574194431305
なべおさみ,三宅正治,0.5342008471488953
なべおさみ,辛坊治郎,0.5491466596722603
なべおさみ,三宅裕司,0.5272000432014465
なべおさみ,立花孝志,0.5145528614521027
なべおさみ,小沢昭一,0.559782346089681
なべおさみ,関口宏,0.5394538044929504
ムッシュかまやつ,佐藤二朗,0.5886704921722412
伊藤沙莉,畑芽育,0.6054182585917021
内木志,畑芽育,0.6028038774217878
安倍晋三,高橋英樹,0.5196664830048879
安倍晋三,永島敏行,0.594304621219635
安室奈美恵,知花くらら,0.5920574096116152
安室奈美恵,有森也実,0.5071324904759725
上戸彩,安室奈美恵,0.5243308544158936
安室奈美恵,絹本桃子,0.611792802810669
安室奈美恵,松田美由紀,0.5902734808623791
安室奈美恵,宮内こずえ,0.5266774445772171
佐津川愛美,佐藤ありさ,0.5161505937576294
佐津川愛美,杏さゆり,0.5388521552085876
佐津川愛美,加藤夏希,0.568520724773407
三吉彩花,佐津川愛美,0.5220571756362915
ベッキー,佐津川愛美,0.5139639377593994
平手友梨奈,田中珠里,0.5755036544799804
溝口亜以子,田中珠里,0.565126359462738
田中珠里,角ゆりあ,0.5011963844299316
三田美吹,田中珠里,0.5318414866924286
浦浜亜理沙,田中珠里,0.5986882746219635
田中珠里,竹本くるみ,0.5198352932929993
田中珠里,田中皓子,0.5231327414512634
田中珠里,香坂まや,0.5142419934272766
大仁田厚,渡部建,0.5603360804644498
加藤紀子,酒井美紀,0.5511565208435059
八木亜紀子,酒井美紀,0.5317085547880693
植村花菜,酒井美紀,0.5276130040486654
吉沢梨絵,酒井美紀,0.5239657759666443
太田裕美,酒井美紀,0.5167645215988159
武内絵美,酒井美紀,0.5226246476173401
いとうまい子,酒井美紀,0.522020161151886
彩乃かなみ,酒井美紀,0.5749640464782715
かとうかず子,酒井美紀,0.5285488367080688
扇千景,浅香光代,0.5986642122268677
中村江里子,浅香光代,0.5521873235702515
勝村政信,関根勤,0.5338581800460815
勝村政信,諸星和己,0.5152601599693298
山田杏奈,江籠裕奈,0.5123286247253418
工藤晴香,江籠裕奈,0.5419535239537557
江籠裕奈,菊地最愛,0.511917769908905
吉羽美華,江籠裕奈,0.5305767059326172
江籠裕奈,瑞季,0.5053696036338806
ムッシュかまやつ,岩井七世,0.5845742556783888
佐々木蔵之介,原田泰造,0.5528148412704468
原田泰造,高嶋政伸,0.5142735540866852
原田泰造,西島秀俊,0.5131476521492004
原田泰造,原田龍二,0.5407907366752625
原田泰造,渡部建,0.5409956375757853
今井雅之,原田泰造,0.5103627443313599
原田泰造,吉岡秀隆,0.5293623208999634
原田泰造,菅広文,0.5006185173988342
佐藤梨那,鶴嶋乃愛,0.5137231349945068
三宅裕司,近藤真彦,0.5677929520606995
新井浩文,近藤真彦,0.5476859041622707
ピエール瀧,近藤真彦,0.5348525643348694
ラッシャー板前,近藤真彦,0.5308631062507629
近藤真彦,阿部渡,0.5178194642066956
西村まさ彦,近藤真彦,0.512519359588623
安藤優也,近藤真彦,0.5031013488769531
中村俊輔,近藤真彦,0.5250751972198486
則本昂大,近藤真彦,0.531535165650504
名波浩,近藤真彦,0.6346804963217841
ひし美ゆり子,鮎川穂乃果,0.5135283470153809
ひし美ゆり子,知花くらら,0.5061777234077454
平手友梨奈,溝口亜以子,0.5727783573998345
安倍麻美,溝口亜以子,0.5023029446601868
渡邉歩咲,溝口亜以子,0.5725812117258707
安部若菜,溝口亜以子,0.5033968091011047
中村メイコ,美輪明宏,0.5386730134487152
安奈淳,美輪明宏,0.5629067420959473
奈良岡朋子,美輪明宏,0.5070714950561523
加藤勝信,関口宏,0.5933066084980965
加藤勝信,石原慎太郎,0.5450137853622437
ガッツ石松,加藤勝信,0.5422030687332153
加藤勝信,平松邦夫,0.5598287185033163
加藤勝信,尾木直樹,0.5391468405723572
三宅裕司,加藤勝信,0.5283968448638916
杏さゆり,米倉涼子,0.5233228206634521
中田有紀,杏さゆり,0.5048690438270569
杏さゆり,高橋一生,0.6230944991111755
三宅ひとみ,杏さゆり,0.569337785243988
杏さゆり,鮎川穂乃果,0.5473762154579163
加藤和樹,杏さゆり,0.5445433855056763
山下美月,杏さゆり,0.5400657653808594
安倍麻美,杏さゆり,0.5310858190059662
外山惠理,杏さゆり,0.5152146220207214
杏さゆり,青田典子,0.5129613876342773
三沢明美,杏さゆり,0.5049035251140594
世良公則,笠井信輔,0.5234774251778921
後藤輝基,笠井信輔,0.5017639994621277
澤部佑,笠井信輔,0.5087053775787354
石原裕次郎,笠井信輔,0.502275288105011
佐伯日菜子,島田陽子,0.5147013664245605
仲俣汐里,原望奈美,0.5426207184791565
ジュンジュン,仲俣汐里,0.5379709005355835
光石研,滝田栄,0.5861363410949707
坂口健太郎,神木隆之介,0.5882070263226827
佐藤健,坂口健太郎,0.5073210199673971
佐々木蔵之介,坂口健太郎,0.5273630917072296
坂口健太郎,鮎川太陽,0.5646570324897766
中丸雄一,坂口健太郎,0.5313629806041718
坂口健太郎,遠谷比芽子,0.5144076347351074
中条あやみ,伊藤寧々,0.5098642706871033
とよた真帆,眞鍋かをり,0.6121731102466583
いとうあさこ,千眼美子,0.5030121803283691
為永幸音,田辺奈菜美,0.6423290411631266
村山優香,為永幸音,0.6357321197336371
三田美吹,為永幸音,0.5738016963005066
宮﨑美穂,為永幸音,0.5076783895492554
忽滑谷こころ,戸高美湖,0.6133240461349487
片寄涼太,賀来賢人,0.5916158500171843
加藤慶祐,賀来賢人,0.546064571539561
安宅晃樹,賀来賢人,0.5180438927241734
玉山鉄二,賀来賢人,0.5940829813480377
矢作兼,賀来賢人,0.5315300226211548
井上貴博,賀来賢人,0.5054836869239807
松田龍平,賀来賢人,0.6127403643396165
加藤和樹,賀来賢人,0.5378605723381042
岡本圭人,賀来賢人,0.5576819181442261
ベリッシモ・フランチェスコ,賀来賢人,0.5573959019449022
中尾明慶,賀来賢人,0.5135749379793803
桐谷健太,賀来賢人,0.5206232666969299
岩田剛典,賀来賢人,0.5015344023704529
佐野岳,姜暢雄,0.5336078604062399
佐野岳,鮎川太陽,0.5020081400871277
三宅健,佐野岳,0.5362911224365234
佐藤梨那,宮司愛海,0.5002404451370239
佐藤梨那,水卜麻美,0.5423724770545959
佐藤梨那,杉原千尋,0.5242695212364197
佐藤梨那,吉田伶香,0.629276692867279
佐藤梨那,本間日陽,0.5740822196006775
佐藤梨那,瑞季,0.547896146774292
佐藤梨那,岩田絵里奈,0.5143628716468811
佐藤梨那,林美桜,0.5211178287863731
嗣永桃子,髙橋真生,0.518737256526947
岩田絵里奈,髙橋真生,0.5808335244655609
林美桜,髙橋真生,0.5053240060806274
ディーン・フジオカ,安達勇人,0.5291307483400617
丸山隆平,安達勇人,0.5211143374443055
中島史恵,安達勇人,0.5080975294113159
中丸雄一,安達勇人,0.5165131489435831
中村俊輔,安達勇人,0.5053348541259766
加藤和樹,柳楽優弥,0.5554934089834039
柳楽優弥,片寄涼太,0.5351414084434509
柳楽優弥,水嶋ヒロ,0.5282195342911614
八乙女光,柳楽優弥,0.5039568543434143
あいはら友子,いとうまい子,0.5306559403737386
ひぐち君,羽場裕一,0.5153275728225708
ひぐち君,三浦友和,0.5816593050956727
ひぐち君,柴田理恵,0.5274397049631391
ひぐち君,水谷豊,0.5247457176446915
ひぐち君,鈴木浩介,0.5415821969509125
ひぐち君,陣内孝則,0.5020484924316406
ひぐち君,安田章大,0.5438544750213623
ひぐち君,永瀬正敏,0.5042877197265625
ひぐち君,中岡創一,0.5465918183326721
ひぐち君,細川茂樹,0.530633270740509
白石美帆,白鳥百合子,0.5604453542653252
並木万里菜,白鳥百合子,0.5444760322570801
白鳥百合子,高橋一生,0.6094630360603333
白鳥百合子,逢沢りな,0.5497790575027466
吉沢亮,白鳥百合子,0.560978353023529
三宅ひとみ,白鳥百合子,0.5422356724739075
ジュンジュン,白鳥百合子,0.5366794466972351
加藤和樹,白鳥百合子,0.5251956582069397
白鳥百合子,鮎川穂乃果,0.5200388431549072
外山惠理,白鳥百合子,0.5196058750152588
市川由衣,白鳥百合子,0.5227245688438416
後呂有紗,忽滑谷こころ,0.5287164449691772
後呂有紗,林美桜,0.5487503830124351
小川彩佳,後呂有紗,0.5202355682849884
後呂有紗,白石美帆,0.5292758226394654
加藤夏希,後呂有紗,0.5406227429707845
さとう珠緒,後呂有紗,0.5132104555765787
久慈暁子,後呂有紗,0.5503975749015808
玉木宏,高橋一生,0.5102589130401611
清水俊輔,高橋一生,0.5076580047607422
南波雅俊,高橋一生,0.5095802694559097
吉沢亮,高橋一生,0.529163146018982
間宮祥太朗,高橋一生,0.5011877417564392
高橋一生,鮎川穂乃果,0.7428095042705536
山﨑努,高橋一生,0.7759785652160645
安倍麻美,高橋一生,0.6887375513712565
加藤和樹,高橋一生,0.696593185265859
山下美月,高橋一生,0.628915935754776
三宅ひとみ,高橋一生,0.6328024864196777
橘美緒,高橋一生,0.685239315032959
八神蓮,高橋一生,0.5106087327003479
高島宗一郎,高橋一生,0.5990394949913025
本郷奏多,松風理咲,0.551418886943297
松風理咲,飯豊まりえ,0.5104846954345703
松風理咲,泉はる,0.5275869965553284
松風理咲,白石美帆,0.5242849588394165
市川寛子,松風理咲,0.5235640406608582
松風理咲,遠藤久美子,0.5402678847312927
松風理咲,角ゆりあ,0.5357045829296112
吉村恵里子,安藤萌々,0.5375236489556052
安藤萌々,阿比留李帆,0.5448973774909973
吹石一恵,国分佐智子,0.504450261592865
千眼美子,国分佐智子,0.5317494869232178
国分佐智子,増田來亜,0.5791856646537781
国分佐智子,紀真耶,0.5117530226707458
ともさかりえ,国分佐智子,0.5076584815979004
国分佐智子,奥貫薫,0.5325121283531189
国分佐智子,沢口靖子,0.5150850415229797
佐藤夏希,守永七彩,0.5081160068511963
佐藤夏希,渡辺由架,0.5382019877433777
佐藤夏希,工藤美桜,0.5361037254333496
佐藤夏希,布袋百椛,0.5219485759735107
佐藤夏希,高橋一生,0.5127040147781372
佐藤夏希,永瀬廉,0.5086586475372314
佐藤夏希,白雪希明,0.5253444254398346
井上高志,後藤輝基,0.5287120342254639
つるの剛士,井上高志,0.5061663389205933
岸谷五朗,横光克彦,0.544475793838501
岸谷五朗,高嶋政伸,0.5373660836900983
岸谷五朗,西島秀俊,0.5320202112197876
みのもんた,岸谷五朗,0.5597583651542664
岸谷五朗,軽部真一,0.5174890160560608
岸谷五朗,平松邦夫,0.5862576961517334
今井雅之,岸谷五朗,0.5460084478060404
寺田稔,岸谷五朗,0.5136649409929911
岸谷五朗,生瀬勝久,0.5482128858566284
岸谷五朗,渥美清,0.6087098568677902
浅田美代子,野田聖子,0.5203661152294704
小池百合子,浅田美代子,0.5744027495384216
クリス松村,浜田雅功,0.5020063519477844
クリス松村,柴田英嗣,0.5726837480769438
クリス松村,ピエール瀧,0.5441364381048415
クリス松村,岩城滉一,0.5591174960136414
佐藤詩識,南波陽向,0.7154270280962405
向井理,戸次重幸,0.5255474001169205
三谷幸喜,寺田稔,0.5041000843048096
寺田稔,阿藤快,0.5201255281766256
名波浩,寺田稔,0.5265976786613464
寺田稔,平松邦夫,0.5297359029452006
今井雅之,寺田稔,0.5127120018005371
吉沢梨絵,山口ひかり,0.5024060606956482
山口ひかり,白石美帆,0.5163546204566956
山口ひかり,櫻井淳子,0.5160284638404846
吉見純音,松下唯,0.5106475353240967
吉見純音,池田楓,0.5974457859992981
吉見純音,秋山眞緒,0.5173361897468567
佐藤聖羅,吉見純音,0.5130729079246521
佐藤浩市,永島敏行,0.5222859084606171
永島敏行,高島宗一郎,0.5120575428009033
山路和弘,永島敏行,0.5700864791870117
ゴルゴ松本,永島敏行,0.5115085244178772
伊藤大海,前田健太,0.5220729609330496
伊藤大海,内川聖一,0.5225985795259476
伊藤大海,石井大裕,0.5233471989631653
倖田來未,芦名星,0.5191153883934021
倖田來未,室井滋,0.6413273215293884
中村江里子,倖田來未,0.5046095848083496
倖田來未,夏木マリ,0.5070097744464874
倖田來未,杉村春子,0.5135729312896729
岡本玲,熊田曜子,0.5194421410560608
ソニン,白雪希明,0.5285559230380588
吉川晃司,金田明夫,0.5195519328117371
吉川晃司,小澤征爾,0.6356815073801123
片寄涼太,髙地優吾,0.5143306255340576
神木隆之介,髙地優吾,0.6177814567790312
中尾明慶,髙地優吾,0.531634733080864
中川大志,髙地優吾,0.527763694524765
岩田剛典,髙地優吾,0.5258343815803528
ピエール瀧,猫ひろし,0.6749469637870789
渥美清,石井大裕,0.5258356094360351
森田健作,石井大裕,0.5238478779792786
小林千登勢,榎本加奈子,0.5484232604503632
山口智充,萩生田光一,0.6120355129241943
水谷豊,萩生田光一,0.5698699653148651
宝田明,萩生田光一,0.547649372369051
升田尚宏,萩生田光一,0.5858567953109741
村田琳,栗原類,0.515103280544281
北村匠海,村田琳,0.5072610974311829
玉山鉄二,神木隆之介,0.5012297630310059
加藤和樹,玉山鉄二,0.5740249752998352
加藤慶祐,玉山鉄二,0.5390340238809586
立花孝志,遠藤章造,0.5351811699245287
遠藤章造,阿部寛,0.5163613557815552
今井雅之,遠藤章造,0.5379514694213867
平松邦夫,遠藤章造,0.5197368264198303
芦屋雁之助,遠藤章造,0.511896014213562
杉村春子,遠藤章造,0.5581164658069611
井上貴博,遠藤章造,0.5100490152835846
遠藤章造,鈴木拓,0.5047082304954529
東貴博,諸星和己,0.5122682650883993
加藤慶祐,諸星和己,0.6023971330035817
片寄涼太,諸星和己,0.547944371898969
ユースケ・サンタマリア,諸星和己,0.548250138759613
有田哲平,諸星和己,0.5296595692634583
佐々木蔵之介,諸星和己,0.5118061304092407
永瀬匡,諸星和己,0.5614684820175171
吉岡秀隆,諸星和己,0.5393840670585632
宮内こずえ,清水ミチコ,0.5349055230617523
宮内こずえ,樫野有香,0.5318833589553833
宮内こずえ,松田美由紀,0.6157468259334564
宮内こずえ,知花くらら,0.6037141680717468
矢作兼,錦織一清,0.56570063829422
矢作兼,鈴木浩介,0.5803589435184703
生瀬勝久,矢作兼,0.505069762468338
加藤大樹,島田一輝,0.5879821479320526
尾碕真花,阿部夢梨,0.5144426375627518
井上清華,尾碕真花,0.5657837824387983
尾崎世里花,沖侑果,0.6196732591180241
大野智,岩本照,0.5414366126060486
ゴルゴ松本,樹木希林,0.5187268853187561
ゴルゴ松本,名倉潤,0.5690570831298828
ゴルゴ松本,井上高志,0.5275534987449646
ゴルゴ松本,中原丈雄,0.5190329849720001
ゴルゴ松本,風間杜夫,0.5137692093849182
ゴルゴ松本,今田耕司,0.54169100522995
ゴルゴ松本,高島宗一郎,0.5200837254524231
加藤大樹,長谷部誠,0.5809419976090485
かたせ梨乃,春野恵子,0.5195555314421654
かたせ梨乃,奈良岡朋子,0.5056787729263306
かたせ梨乃,一路真輝,0.5091846287250519
芦名星,麻亜里,0.5409794279507228
瑞季,麻亜里,0.5150349736213684
遠藤久美子,麻亜里,0.5028750896453857
吉羽美華,麻亜里,0.5227357149124146
八木麻紗子,麻亜里,0.5081661939620972
斉藤優里,麻亜里,0.5256060659885406
岩田桃夏,麻亜里,0.5057583451271057
大脇有紗,麻亜里,0.5176968574523926
田中瞳,麻亜里,0.6047382288508945
玉城ティナ,麻亜里,0.5111802816390991
吉田伶香,麻亜里,0.5019202828407288
南波陽向,麻亜里,0.5016323924064636
宮崎理奈,麻亜里,0.5327448778682284
のん,田中萌,0.5753161907196045
原田美枝子,大黒摩季,0.6121941089630127
原田美枝子,池波志乃,0.5469609553163702
久世星佳,原田美枝子,0.5227276086807251
原田美枝子,石井苗子,0.6188449263572693
五月みどり,原田美枝子,0.5604589581489563
マルシア,原田美枝子,0.5726115008195242
小沢昭一,関口宏,0.5953695058822632
大林宣彦,関口宏,0.5189576745033264
ガッツ石松,関口宏,0.5089848240216573
梅沢富美男,関口宏,0.5296488106250763
羽場裕一,関口宏,0.5074867904186249
吉田義男,関口宏,0.6057745218276978
間寛平,関口宏,0.6051385998725891
井上貴博,及川光博,0.5065450072288513
及川光博,哀川翔,0.5088479220867157
及川光博,鈴木浩介,0.5278189182281494
丸山隆平,及川光博,0.5394312739372253
及川光博,吉沢亮,0.5232213735580444
原かれん,對馬優菜子,0.5460538367430369
中村舞,原かれん,0.5141267478466034
原かれん,永野恵,0.5363180637359619
大黒摩季,森昌子,0.5110023617744446
中村雅俊,石田衣良,0.523254007101059
中村雅俊,南波雅俊,0.5283963978290558
小山田サユリ,我妻三輪子,0.5281014442443848
布袋百椛,我妻三輪子,0.5189238786697388
平手友梨奈,我妻三輪子,0.5770773887634277
安倍麻美,我妻三輪子,0.54764723777771
我妻三輪子,高橋一生,0.5147743821144104
佐藤二朗,安藤優也,0.5595959226290385
安藤優也,石井正則,0.5604199767112732
佐藤蛾次郎,安藤優也,0.507032573223114
堀江貴文,安藤優也,0.529746929804484
安藤優也,永瀬正敏,0.5118039846420288
内海哲也,安藤優也,0.5529851198196412
安藤優也,新井浩文,0.5470274090766907
三浦友和,安藤優也,0.5774399638175964
安藤優也,福本清三,0.5148554444313049
安藤優也,小沢昭一,0.5026941299438477
佐々木柚香,大谷悠妃,0.5639212793774075
熊沢世莉奈,馬場ふみか,0.5167503952980042
伊藤祐奈,岩田桃夏,0.5269117752710978
伊藤祐奈,佐藤真知子,0.5286561846733093
伊藤祐奈,加藤智子,0.5366224884986878
岡本怜奈,星乃みれい,0.681726465622584
ほのかりん,馬場ふみか,0.5190966725349426
ほのかりん,深田恭子,0.6488617062568665
中尾明慶,江角マキコ,0.5605302403370539
吹石一恵,江角マキコ,0.5568193197250366
江角マキコ,野田聖子,0.5525792837142944
吉田羊,江角マキコ,0.544390082359314
江角マキコ,河合龍之介,0.5330225825309753
久世星佳,財前直見,0.5379003485043844
岸惠子,財前直見,0.5061421394348145
島田陽子,財前直見,0.5101406276226044
キムラ緑子,財前直見,0.5543499920103285
ケーシー高峰,山寺宏一,0.5812718914105341
ケーシー高峰,小椋佳,0.5688746348023415
ケーシー高峰,輪島功一,0.559096892674764
みのもんた,ケーシー高峰,0.5523433188597361
ケーシー高峰,林家木久扇,0.5301207900047302
ケーシー高峰,吉田義男,0.5699304805861579
ケーシー高峰,阿藤快,0.5238530437151591
加山雄三,舞の海秀平,0.5082498788833618
島田秀平,舞の海秀平,0.5710835456848145
河本準一,舞の海秀平,0.5627381801605225
井上高志,舞の海秀平,0.5759761184453964
舞の海秀平,葛山信吾,0.5274531245231628
岩城滉一,舞の海秀平,0.5955045223236084
塚本晋也,舞の海秀平,0.5000770688056946
佐々木莉佳子,原幹恵,0.584154683810014
はいだしょうこ,佐々木莉佳子,0.6145936489105225
佐々木莉佳子,山下美月,0.508602499961853
三沢明美,佐々木莉佳子,0.5046407580375671
佐々木莉佳子,百田夏菜子,0.6358840465545654
亀梨和也,鮎川太陽,0.5493093415310508
吉沢亮,鮎川太陽,0.5514220765658787
千賀健永,鮎川太陽,0.5603883212262933
安達健太郎,鮎川太陽,0.5084265470504761
佐々木蔵之介,鮎川太陽,0.5219951868057251
丸山隆平,鮎川太陽,0.5164114832878113
森本慎太郎,鮎川太陽,0.5093036890029907
佐藤健,鮎川太陽,0.5549386292695999
溝端淳平,鮎川太陽,0.5210078060626984
橋本良亮,鮎川太陽,0.5366289019584656
加藤和樹,鮎川太陽,0.5234960913658142
間宮祥太朗,鮎川太陽,0.542043924331665
加藤慶祐,鮎川太陽,0.584645559390386
三浦翔平,鮎川太陽,0.6040897568066915
斉藤秀翼,鮎川太陽,0.5108591318130493
井上清華,熊崎晴香,0.5119924545288086
江籠裕奈,熊崎晴香,0.519062876701355
熊崎晴香,田中瞳,0.5131293535232544
久慈暁子,泉里香,0.5232998132705688
外山惠理,黒沢かずこ,0.5615685284137726
外山惠理,高橋一生,0.613260805606842
外山惠理,鮎川穂乃果,0.5472276210784912
外山惠理,宮沢静香,0.5209171772003174
外山惠理,安倍麻美,0.5158298909664154
光井愛佳,外山惠理,0.5025699138641357
外山惠理,遠藤久美子,0.5400239825248718
外山惠理,大渕愛子,0.5380168199539185
ベッキー,加藤夏希,0.5445992350578308
はいだしょうこ,加藤夏希,0.5505705409579806
加藤夏希,木村朱美,0.513250321149826
内村光良,猫ひろし,0.5467398762702942
椎名誠,猫ひろし,0.508884847164154
千眼美子,泉はる,0.5683847976767499
千眼美子,吹石一恵,0.5130647420883179
中原みなみ,宮澤智,0.5019245147705078
宮澤智,斉藤優里,0.5611682534217834
宮澤智,野村佑香,0.564320620894432
宮澤智,荒井萌,0.537484884262085
佐藤ありさ,宮澤智,0.5185783863067627
宮澤智,白石美帆,0.5599488198757172
佐藤梨那,宮澤智,0.5103431940078735
宮澤智,市川寛子,0.5023420453071594
宮澤智,本間日陽,0.5306736528873444
並木万里菜,宮澤智,0.5906888643900553
エッグ矢沢,羽場裕一,0.5061745643615723
エッグ矢沢,尾身茂,0.5059756934642792
佐藤ありさ,村井美樹,0.5081915855407715
升毅,岡田眞澄,0.5812392277376992
岡田眞澄,岩松了,0.5347956364805048
三浦友和,岡田眞澄,0.5139197111129761
山路和弘,岡田眞澄,0.5256237387657166
今井雅之,茂木健一郎,0.560930609703064
舟木一夫,茂木健一郎,0.5410991311073303
水卜麻美,高橋由美子,0.5312280654907227
おのののか,高橋由美子,0.539190948009491
有森也実,高橋由美子,0.5075539549191793
矢島悠子,高橋由美子,0.5242398248778449
椿原慶子,高橋由美子,0.5103014707565308
彩乃かなみ,高橋由美子,0.5175676345825195
白石美帆,高橋由美子,0.529582679271698
千眼美子,高橋由美子,0.5314165130257607
加藤登紀子,石田純一,0.5362535444172946
三沢明美,安永亜衣,0.5815866788228353
佐藤聖羅,指原莉乃,0.5264110863208771
指原莉乃,穴井千尋,0.572759211063385
三浦浩一,鈴木亮平,0.5598762631416321
大谷翔平,鈴木亮平,0.5452212691307068
三浦翔平,丸山隆平,0.5517346262931824
丸山隆平,森本慎太郎,0.5070636868476868
丸山隆平,島田秀平,0.5377920395449588
ワッキー,丸山隆平,0.5325802087783813
中丸雄一,丸山隆平,0.5624603430430094
丸山隆平,横山裕,0.5205281972885132
河本準一,金田明夫,0.508612334728241
光石研,金田明夫,0.5535339287349156
浜田雅功,金田明夫,0.5274602274099985
伊武雅刀,金田明夫,0.5533738732337952
宇梶剛士,金田明夫,0.560218334197998
哀川翔,金田明夫,0.5189180076122284
山﨑努,金田明夫,0.7739859819412231
金田明夫,高橋一生,0.6389322876930237
板尾創路,金田明夫,0.6275346875190735
奥田瑛二,金田明夫,0.5515623092651367
加藤和樹,金田明夫,0.5227457880973816
山下美月,金田明夫,0.5058863162994385
金田明夫,間寛平,0.5462466478347778
いしだ壱成,金田明夫,0.5088978409767151
江口洋介,金田明夫,0.5431972742080688
金田明夫,髙嶋政宏,0.5204175710678101
島田秀平,金田明夫,0.5410407185554504
池田勇太,金田明夫,0.5016517639160156
尾身茂,金田明夫,0.5091142535209656
ヨネスケ,金田明夫,0.5242554843425751
中原みなみ,平山真衣,0.5316747341837201
内木志,岸本理沙,0.5197568237781525
岸本理沙,田中伊桜莉,0.5418820679187775
岸本理沙,菅沼もにか,0.5067832867304484
伊藤沙莉,岸本理沙,0.5817884206771851
安藤愛璃菜,工藤陽香,0.5478479266166687
古舘葵,工藤陽香,0.506196916103363
佐々木望,楽しんご,0.5012477934360504
楽しんご,樹木希林,0.5203973054885864
ケラリーノ・サンドロヴィッチ,楽しんご,0.5132859945297241
ディーン・フジオカ,玉木宏,0.5163965582847595
ディーン・フジオカ,窪塚洋介,0.525140106678009
ディーン・フジオカ,石田衣良,0.5375213027000427
ディーン・フジオカ,川岡大次郎,0.5252956748008728
ディーン・フジオカ,丸山隆平,0.5117581486701965
ディーン・フジオカ,大沢たかお,0.5241227298974991
ディーン・フジオカ,澤村拓一,0.5455739498138428
ディーン・フジオカ,佐藤健,0.555609330534935
ディーン・フジオカ,中丸雄一,0.5138857364654541
佐々木桃華,荻野由佳,0.5469260215759277
戸田恵子,鮎川いずみ,0.5837066214660118
奈美悦子,鮎川いずみ,0.5138104557991028
宮崎美子,鮎川いずみ,0.501011848449707
瀬川瑛子,鮎川いずみ,0.5087821781635284
水卜麻美,片渕茜,0.5428584218025208
森平莉子,竹本くるみ,0.5376892771039691
三沢明美,小林千登勢,0.5759819820523262
宇賀神メグ,小林千登勢,0.5093203186988831
小坂菜緒,髙松瞳,0.5235847234725952
春野恵子,黒柳徹子,0.5188555717468262
春野恵子,空美夕日,0.501307487487793
吉川日菜子,松下唯,0.5095861554145813
吉川日菜子,溝口恵,0.5338989240782601
吉川日菜子,松田栞,0.5460812449455261
佐藤真知子,吉川日菜子,0.5205897092819214
ベッキー,橘ゆりか,0.5224245389302572
ベッキー,早乙女愛,0.5036899447441101
ベッキー,市川寛子,0.5318702161312103
ベッキー,白石美帆,0.5003635287284851
三沢明美,夏川結衣,0.5288591533899307
大盛真歩,桜井日奈子,0.5045554637908936
岩田絵里奈,桜井日奈子,0.5260563731193543
レッド吉田,広澤克実,0.5665873289108276
レッド吉田,森本慎太郎,0.5123772025108337
レッド吉田,高知東生,0.5552806735038758
レッド吉田,佐藤二朗,0.5088056921958923
天野ひろゆき,生瀬勝久,0.5536206960678101
天野ひろゆき,軽部真一,0.5508236033575875
植村花菜,阿木燿子,0.5429837841254014
有森也実,阿木燿子,0.5039436221122742
永江孝子,阿木燿子,0.5461449027061462
加藤紀子,阿木燿子,0.5541825890541077
後藤輝基,阿木燿子,0.5001603960990906
岩田剛典,崎本大海,0.5856832365194956
升毅,奥田瑛二,0.5203611016273498
三浦友和,升毅,0.5250144451856613
八神蓮,大沢たかお,0.5771700739860535
佐藤健,八神蓮,0.5375972092151642
小池唯,鮎川穂乃果,0.5586559176445007
小池唯,有馬優茄,0.5386636853218079
安倍麻美,小池唯,0.5082085132598877
小池唯,横山美雪,0.5289963185787201
坂ノ上朝美,小池唯,0.5196712613105774
山内健司,瀬戸内寂聴,0.5868659615516663
キムラ緑子,瀬戸内寂聴,0.5068649053573608
川口春奈,遠藤久美子,0.5745441317558289
田中皓子,遠藤久美子,0.5421732068061829
遠藤久美子,高橋一生,0.5203624367713928
芦名星,遠藤久美子,0.5099738836288452
仲間由紀恵,遠藤久美子,0.5146771669387817
山東昭子,岸惠子,0.547012984752655
今陽子,岸惠子,0.5849417277744838
三宅健,三浦翔平,0.5029430687427521
天野ひろゆき,鈴木拓,0.5068016350269318
安藤なつ,鈴木拓,0.5092788934707642
矢作兼,鈴木拓,0.5319358961922782
安蘭けい,高野志穂,0.508430540561676
福田典子,高野志穂,0.5122607151667277
後藤晴菜,高野志穂,0.5391231775283813
水卜麻美,高野志穂,0.5143229365348816
有森也実,高野志穂,0.5287498831748962
あびる優,早瀬英里奈,0.5268983330045428
あびる優,熊切あさ美,0.5365789756178856
奈良岡朋子,池波志乃,0.5994345843791962
大黒摩季,池波志乃,0.5519885420799255
池波志乃,石井苗子,0.5363824963569641
山東昭子,池波志乃,0.517790898680687
池波志乃,赤木春恵,0.5250367522239685
佐藤詩識,田村菜月,0.645687609910965
今村美月,佐藤詩識,0.531849130988121
佐藤詩識,大盛真歩,0.6562496158811781
佐藤詩識,片瀬桃,0.5408645272254944
岩田桃夏,田辺奈菜美,0.5580557584762573
岩田桃夏,高木由麻奈,0.5011152923107147
大矢真那,岩田桃夏,0.5295948187510172
三田美吹,岩田桃夏,0.5030087232589722
安藤咲桜,山内菜々,0.5561774373054504
椎名林檎,護あさな,0.515825092792511
上原多香子,護あさな,0.5253774523735046
三上真奈,佐藤渚,0.5281795024871826
佐藤渚,野村真季,0.525448277592659
佐藤渚,村井美樹,0.507942795753479
佐藤ありさ,佐藤渚,0.5007860660552979
佐藤渚,繁田美貴,0.5597537159919739
久慈暁子,佐藤渚,0.5054318308830261
つちやかおり,中島史恵,0.5104178071022034
つちやかおり,宮崎美子,0.5255584716796875
つちやかおり,林美桜,0.5111146072546641
つちやかおり,友近,0.5095605254173279
つちやかおり,白石美帆,0.5197592377662659
松村邦洋,森田健作,0.6079505902749521
世良公則,松村邦洋,0.5252928853034973
三田和代,松村邦洋,0.5115668177604675
みのもんた,松村邦洋,0.5423206090927124
マツコ・デラックス,松村邦洋,0.5033580660820007
愛希れいか,高部あい,0.5049991408983866
岸本理沙,高部あい,0.533929318189621
吉本実憂,高部あい,0.522319421172142
千眼美子,古畑奈和,0.5692200723447298
マイケル富岡,川岡大次郎,0.528057873249054
岩本勉,川岡大次郎,0.5106104413668314
川岡大次郎,永山絢斗,0.5117848515510559
川岡大次郎,本郷奏多,0.5178198984691075
原田龍二,川岡大次郎,0.5229982733726501
川岡大次郎,葛山信吾,0.5015060305595398
中村雅俊,川岡大次郎,0.5287464559078217
川岡大次郎,高橋和也,0.5171172618865967
川岡大次郎,戸次重幸,0.5154831409454346
川岡大次郎,押尾学,0.5199451446533203
マイケル富岡,反町隆史,0.5801566441853842
反町隆史,戸次重幸,0.547093677520752
原田龍二,反町隆史,0.5564476251602173
反町隆史,高橋和也,0.5159839987754822
反町隆史,桐谷健太,0.5408778786659241
押尾学,片寄涼太,0.5211449861526489
崎本大海,押尾学,0.5473998785018921
押尾学,溝端淳平,0.5018598437309265
松本白鸚,袴田吉彦,0.5175654143095016
袴田吉彦,阿部寛,0.5127013127009074
吉沢亮,袴田吉彦,0.516044408082962
水嶋ヒロ,袴田吉彦,0.5500665803750356
姜暢雄,袴田吉彦,0.5256081422170004
彩乃かなみ,矢口真里,0.5059884786605835
彩乃かなみ,黒川智花,0.5058586001396179
井上清華,松井愛莉,0.535357654094696
井上清華,倉科カナ,0.5608670711517334
井上清華,弘中綾香,0.5229858841214862
岡井千聖,秦佐和子,0.5010477900505066
佐伯大地,岡井千聖,0.5024288296699524
中村美律子,五月みどり,0.5332481026649475
五月みどり,渡辺真知子,0.534714937210083
東貴博,渡辺いっけい,0.5579344576055353
ほしのあき,吉沢梨絵,0.5527769327163696
ほしのあき,椎名林檎,0.5176265438397726
わたなべ麻衣,石川梨華,0.5899600386619568
わたなべ麻衣,山下美月,0.5026852488517761
三谷紬,佐藤真知子,0.5682554841041565
三谷紬,山本雪乃,0.5309849679470062
三谷紬,宮崎理奈,0.6186075856288274
三谷紬,田中皓子,0.5211515227953593
小倉弘子,野波麻帆,0.5706620812416077
小倉弘子,扇千景,0.5237765908241272
名取稚菜,根本宗子,0.518930196762085
吉岡秀隆,東貴博,0.5331625044345856
佐藤浩市,吉岡秀隆,0.5665976762771606
井浦新,吉岡秀隆,0.5222734610239664
吉岡秀隆,阿部寛,0.5204935908317566
吉岡秀隆,鈴木浩介,0.5231030583381653
吉岡秀隆,大村崑,0.5421102046966553
吉岡秀隆,西島秀俊,0.5283797383308411
吉岡秀隆,渡部建,0.5100888013839722
吉岡秀隆,山路和弘,0.5661466121673584
吉岡秀隆,安東弘樹,0.5337041616439819
吉岡秀隆,軽部真一,0.5024904608726501
吉岡秀隆,柴田英嗣,0.5243348240852356
ヨネスケ,加山雄三,0.5010068416595459
加山雄三,立花孝志,0.6235909461975098
加山雄三,高田純次,0.5340496997038523
加山雄三,秋山幸二,0.5004454553127289
加山雄三,岡本信人,0.5105637311935425
加山雄三,林家木久扇,0.5061954110860825
加山雄三,森田健作,0.5413009723027548
加山雄三,山内健司,0.5071201920509338
加山雄三,小野武彦,0.5423056483268738
加山雄三,火野正平,0.5429803431034088
奥田瑛二,西村まさ彦,0.5125371515750885
三浦浩一,西村まさ彦,0.5047102570533752
岡本信人,西村まさ彦,0.5558861494064331
三宅裕司,西村まさ彦,0.5108855366706848
吉本実憂,高梨臨,0.5374800562858582
菅沼もにか,高梨臨,0.5005717277526855
ケンドーコバヤシ,大林宣彦,0.5331237117449442
伊東四朗,大林宣彦,0.5125517845153809
大林宣彦,有田哲平,0.5059743523597717
世良公則,大林宣彦,0.5065910418828329
堺雅人,細川茂樹,0.561328113079071
奥菜恵,石川亜沙美,0.54118812084198
奥菜恵,梅宮アンナ,0.5230507949988047
ホラン千秋,奥菜恵,0.5572655002276102
奥菜恵,櫻井淳子,0.5743193626403809
星乃みれい,近藤あさみ,0.5057743787765503
伊藤沙莉,近藤あさみ,0.5188342332839966
古澤愛,近藤あさみ,0.5087898373603821
田中伊桜莉,近藤あさみ,0.5210504829883575
岡本栄,德永英明,0.5454198122024536
德永英明,陣内孝則,0.5538983345031738
德永英明,水谷豊,0.5303599238395691
哀川翔,德永英明,0.6135469675064087
光石研,德永英明,0.5327456295490265
タモリ,德永英明,0.5805040001869202
ワッキー,佐藤浩市,0.5297000408172607
ワッキー,原田龍二,0.5182567834854126
ワッキー,舘ひろし,0.575698713461558
ワッキー,島田秀平,0.5068466067314148
ワッキー,河本準一,0.5058344602584839
ワッキー,石井一久,0.5243867635726929
運上弘菜,香月杏珠,0.5086145102977753
佐藤すみれ,運上弘菜,0.5583503246307373
為永幸音,運上弘菜,0.5455783307552338
村山優香,運上弘菜,0.5277696132659913
佐藤朱,運上弘菜,0.5219649374485016
竹俣紅,運上弘菜,0.502450704574585
芦田愛菜,髙寺沙菜,0.5197481513023376
吉沢亮,間宮祥太朗,0.5848717987537384
北村匠海,吉沢亮,0.6287849545478821
佐藤勝利,吉沢亮,0.5063537359237671
吉沢亮,河合龍之介,0.5223680138587952
吉沢亮,栗原類,0.5072792768478394
千賀健永,吉沢亮,0.5677913029988607
加藤和樹,吉沢亮,0.5630052770887103
三宅ひとみ,吉沢亮,0.5894655585289001
吉沢亮,安倍麻美,0.521241694688797
吉沢亮,窪田正孝,0.5122085809707642
吉沢亮,山下美月,0.5070943832397461
吉沢亮,浦浜アリサ,0.5034406185150146
久冨慶子,佐藤ありさ,0.507619321346283
佐藤ありさ,白鳥百合子,0.5136556029319763
久冨慶子,水卜麻美,0.5156924525896708
久冨慶子,枡田絵理奈,0.5003624558448792
板垣心和,竹本くるみ,0.5895000629954867
ラッシャー板前,三宅裕司,0.5409650802612305
ピエール瀧,ラッシャー板前,0.5267621116204695
ラッシャー板前,椎名誠,0.5554437882759992
ラッシャー板前,中村俊輔,0.5070990920066833
ラッシャー板前,高橋慶彦,0.5067829489707947
竹﨑由佳,香坂まや,0.5084558725357056
田中瞳,竹﨑由佳,0.7090572203908648
秋山眞緒,竹﨑由佳,0.5242919921875
中村七之助,桜井あゆみ,0.5465807318687439
天海祐希,桜井あゆみ,0.5211424827575684
桜井あゆみ,高橋一生,0.5057948231697083
三宅ひとみ,桜井あゆみ,0.5057817697525024
今田美桜,町音葉,0.6403370201587677
ビューティーこくぶ,中村七之助,0.6268737084335751
ビューティーこくぶ,天海祐希,0.5112598538398743
ビューティーこくぶ,崎本大海,0.5697529911994934
後藤晴菜,紀真耶,0.6171860652310508
後藤晴菜,浅田真央,0.546486927403344
八木麻紗子,後藤晴菜,0.6555443008740743
八木亜紀子,後藤晴菜,0.6616578102111816
南波雅俊,後藤淳平,0.5111220479011536
名波浩,後藤淳平,0.5068503320217133
安田和博,岩本勉,0.5494601130485535
岩本勉,石井一久,0.527256449063619
光石研,岩本勉,0.57918781042099
岩本勉,舘ひろし,0.542275627454122
岩本勉,島田秀平,0.5177667737007141
岩城滉一,岩本勉,0.51407790184021
一岡伶奈,岡村梨央,0.5361328721046448
松田龍平,萩野公介,0.5193323890368143
岡田栞奈,斉藤優里,0.5102663338184357
岡田栞奈,柏幸奈,0.5068596303462982
岡田栞奈,柴野夕葵,0.5008468627929688
中村獅童,陣内孝則,0.5537112355232239
大沢たかお,澤村拓一,0.5094831824302674
大沢たかお,葛山信吾,0.5090864896774292
大沢たかお,永山瑛太,0.5705113112926483
大沢たかお,森山未來,0.605834674835205
佐野玲於,玉森裕太,0.5195264667272568
玉森裕太,菊池風磨,0.5716977119445801
玉森裕太,神木隆之介,0.6081578201717801
岩田剛典,玉森裕太,0.5130482017993927
大沢たかお,玉森裕太,0.5264495015144348
有馬隼人,玉森裕太,0.5104160904884338
劇団ひとり,玉森裕太,0.5638160705566406
中村雅俊,安村直樹,0.5183023512363434
安村直樹,葛山信吾,0.5089123845100403
安住紳一郎,安村直樹,0.5196414887905121
井上高志,安村直樹,0.5330025653044382
たこ八郎,梅垣義明,0.502344012260437
光井愛佳,徳永千奈美,0.556923058297899
光井愛佳,南波陽向,0.519687294960022
光井愛佳,田村菜月,0.5060526132583618
姜暢雄,水嶋ヒロ,0.6222828924655914
姜暢雄,片寄涼太,0.555574506521225
姜暢雄,賀来賢人,0.5335922241210938
姜暢雄,玉木宏,0.5198128720124563
加藤慶祐,姜暢雄,0.5415064692497253
姜暢雄,鮎川太陽,0.5545094013214111
姜暢雄,間宮祥太朗,0.5739307006200155
姜暢雄,安達健太郎,0.5790839989980062
姜暢雄,桐谷健太,0.5266778469085693
姜暢雄,河合龍之介,0.5475505113601684
佐々木恭子,平山佐知子,0.5040319561958313
伊藤祐奈,鵜野みずき,0.5068016648292542
佐藤聖羅,鵜野みずき,0.5266936421394348
福本愛菜,鵜野みずき,0.5179290771484375
竹内美宥,関根梓,0.5206130146980286
関根梓,高橋一生,0.5064245462417603
内田嶺衣奈,関根梓,0.5427631669574313
川口春奈,関根梓,0.5453692674636841
古川琴音,知花くらら,0.5365886986255646
古川琴音,趣里,0.563101589679718
中村江里子,石井苗子,0.644707202911377
和田桜子,安部若菜,0.5382539629936218
安藤政信,片寄涼太,0.518902325630188
勝村政信,安藤政信,0.5597217215432061
ウエンツ瑛士,安藤政信,0.511914074420929
小坂菜緒,為永幸音,0.5185098350048065
小坂菜緒,田辺奈菜美,0.5072068572044373
大盛真歩,山田愛奈,0.6220960153473748
山田愛奈,百田夏菜子,0.5091536641120911
ひかる一平,ウエンツ瑛士,0.5393747687339783
ウエンツ瑛士,河合龍之介,0.5572114586830139
ウエンツ瑛士,片寄涼太,0.5047852396965027
ピエール瀧,岡本富士太,0.5509231516293117
クリス松村,岡本富士太,0.5185185670852661
三浦浩一,岡本富士太,0.520305049419403
岡本富士太,阿部渡,0.5165468454360962
今泉まお,永野恵,0.5217396020889282
今泉まお,安田桃寧,0.5468062043190003
井尻晏菜,都丸紗也華,0.5480290055274963
まりあ,井尻晏菜,0.5348425209522247
井尻晏菜,堀田茜,0.5745725585864141
キムラ緑子,小沢昭一,0.6292861700057983
河合龍之介,片寄涼太,0.5569058358669281
加藤慶祐,河合龍之介,0.606257289648056
河合龍之介,溝端淳平,0.5396662950515747
岡本圭人,河合龍之介,0.5717330064092364
栗原類,河合龍之介,0.5634780128796896
佐藤勝利,河合龍之介,0.5500084280967712
永瀬匡,河合龍之介,0.5178559819857279
水嶋ヒロ,河合龍之介,0.510683000087738
桐谷健太,河合龍之介,0.5155555009841919
三浦翔平,河合龍之介,0.5476526021957397
ジュンジュン,工藤晴香,0.5206516981124878
ジュンジュン,南波陽向,0.516403079032898
ジュンジュン,高橋一生,0.6318167448043823
ジュンジュン,鮎川穂乃果,0.6091887950897217
ジュンジュン,安倍麻美,0.551580473780632
ジュンジュン,加藤和樹,0.5224668979644775
ジュンジュン,矢作萌夏,0.5192023515701294
ジュンジュン,三宅ひとみ,0.5175780653953552
三浦翔平,森本慎太郎,0.5623343255784776
森本慎太郎,渡部建,0.5258976370096207
森本慎太郎,神木隆之介,0.6042230427265167
森本慎太郎,橋本良亮,0.5370790958404541
桐谷健太,森本慎太郎,0.5730155110359192
佐々木蔵之介,森本慎太郎,0.5292429327964783
德田聡一朗,森本慎太郎,0.5270063281059265
中丸雄一,森本慎太郎,0.50447216629982
八神蓮,森本慎太郎,0.5549001693725586
紀真耶,趣里,0.5687578916549683
星野希,趣里,0.5013476610183716
知花くらら,趣里,0.5635109113322364
石塚美月,趣里,0.5121989846229553
坂本莉央,趣里,0.5151658654212952
にわみきほ,高嶋菜七,0.5044533014297485
にわみきほ,南波陽向,0.526884206703731
にわみきほ,山田杏奈,0.5515932440757751
にわみきほ,佐藤詩識,0.5231162309646606
布袋百椛,村山彩希,0.5124796032905579
三谷紬,香坂まや,0.5233126580715179
田中皓子,香坂まや,0.570117175579071
佐藤梨那,香坂まや,0.5152573943138122
吉田伶香,香坂まや,0.5140081644058228
扇千景,花影アリス,0.5083804726600647
安藤希,花影アリス,0.5301009535789489
ヨネスケ,阿藤快,0.5215097665786743
ヨネスケ,岩城滉一,0.568189263343811
ピエール瀧,ヨネスケ,0.5444794297218323
ヨネスケ,井浦新,0.5037201046943665
ヨネスケ,山﨑努,0.5987789564662509
ヨネスケ,葛山信吾,0.5587223768234253
ヨネスケ,高田純次,0.5377130756775538
ヨネスケ,桂きん枝,0.5443734899163246
ヨネスケ,高橋克実,0.5433377027511597
ヨネスケ,光石研,0.503579318523407
岡村梨央,遠藤彩加里,0.5750754177570343
安藤咲桜,遠藤彩加里,0.535645604133606
和田桜子,遠藤彩加里,0.5283350348472595
和田愛菜,遠藤彩加里,0.8303858041763306
大和田伸也,奥田瑛二,0.5515792489051818
奥田瑛二,寺田農,0.5178504983584086
奥田瑛二,板尾創路,0.58815997838974
奥田瑛二,高橋一生,0.6185750365257263
奥田瑛二,山﨑努,0.5663140813509623
奥田瑛二,小澤征爾,0.5164613723754883
奥田瑛二,森田健作,0.5313695818185806
奥田瑛二,星田英利,0.5607019166151682
奥田瑛二,山路和弘,0.526792049407959
奥田瑛二,錦織一清,0.5343973636627197
奥田瑛二,高田純次,0.5257660349210104
竹俣紅,黒田みゆ,0.7566119524148794
山﨑天,渡邉歩咲,0.5034722089767456
安藤咲桜,山﨑天,0.533364474773407
いずみ唯,滝口ミラ,0.5209398667017618
宇梶剛士,高嶋政伸,0.5104028383890787
宇梶剛士,江口洋介,0.5630784034729004
宇梶剛士,舘ひろし,0.5283974409103394
ウド鈴木,則本昂大,0.5046505331993103
ウド鈴木,辛坊治郎,0.553156954050064
ウド鈴木,星田英利,0.5390789210796356
ウド鈴木,輪島功一,0.5946350892384847
ウド鈴木,小沢昭一,0.5741519331932068
ウド鈴木,関口宏,0.5639699101448059
ウド鈴木,間寛平,0.6070408688651191
ウド鈴木,椎名誠,0.5969522254807609
布谷梨琉,紺野まひる,0.5476278364658356
小野武彦,渡哲也,0.5175653576850892
渡哲也,習近平,0.5105953812599182
山﨑努,渡哲也,0.5063321590423584
宇梶剛士,渡哲也,0.5286435484886169
渡哲也,福本清三,0.5677721500396729
渡哲也,高橋和也,0.5168995559215546
山﨑努,角野卓造,0.543618985584804
山﨑努,葛山信吾,0.5285899639129639
宝田明,山﨑努,0.5334162563085556
山﨑努,錦野旦,0.5101344585418701
山﨑努,板尾創路,0.6647986769676208
加藤和樹,山﨑努,0.5861653983592987
山下美月,山﨑努,0.618139922618866
安倍麻美,山﨑努,0.5598602294921875
山﨑努,鮎川穂乃果,0.5488823056221008
尾木直樹,山﨑努,0.5110285878181458
松田栞,溝口恵,0.6042113304138184
本間日陽,松田栞,0.5030778646469116
佐藤真知子,松田栞,0.6587510108947754
本郷柚巴,松田栞,0.5350923985242844
沖田彩花,都丸紗也華,0.5720779895782471
沖田彩花,浦浜アリサ,0.5858251690864563
堀田茜,沖田彩花,0.5935266415278116
まりあ,沖田彩花,0.5891817212104797
山之内すず,本間日陽,0.5192569494247437
市川寛子,沢口靖子,0.5571775328029286
吉永小百合,沢口靖子,0.5151957273483276
戸田恵子,沢口靖子,0.5389986574649811
千眼美子,沢口靖子,0.5134232640266418
沢口靖子,野田聖子,0.5174065232276917
沢口靖子,白石美帆,0.5112861394882202
沢口靖子,相田翔子,0.5332927902539571
早見優,沢口靖子,0.5163995027542114
坂上忍,西村瑞樹,0.6011457497423346
坂上忍,坂東玉三郎,0.5077401399612427
中原丈雄,坂上忍,0.5300111174583435
坂上忍,梅宮辰夫,0.5173298418521881
ピエール瀧,坂上忍,0.5546208024024963
クリス松村,坂上忍,0.5123627185821533
三宅正治,坂上忍,0.5063341657320658
坂上忍,永島敏行,0.5144138932228088
坂上忍,舟木一夫,0.5271913806597391
ぼんちおさむ,坂上忍,0.5423462986946106
宮島亜弥,岡田美紅,0.5049341320991516
三上真史,加藤慶祐,0.5107751488685608
井上芳雄,森山未來,0.5151676535606384
島田秀平,梅垣義明,0.5084226429462433
梅垣義明,石井大裕,0.5306254625320435
梅垣義明,渥美清,0.5700340867042542
梅垣義明,輪島功一,0.6099741061528524
星田英利,梅垣義明,0.5128100216388702
梅垣義明,甲本雅裕,0.5150724649429321
梅垣義明,高橋慶彦,0.5147119760513306
奈美悦子,戸田恵子,0.5733326226472855
島田秀平,木下隆行,0.5253390520811081
甲本雅裕,福本清三,0.5770994126796722
山内健司,甲本雅裕,0.5368157625198364
森田健作,甲本雅裕,0.5153025388717651
甲本雅裕,間寛平,0.5537122786045074
岡村隆史,甲本雅裕,0.6599083185195923
甲本雅裕,輪島功一,0.572081446647644
中村麻里子,溝口恵,0.5957979917526245
中村麻里子,斉藤優里,0.518980073928833
佐野瑞樹,溝端淳平,0.5488350987434387
佐野瑞樹,加藤和樹,0.5213836193084717
佐野瑞樹,片寄涼太,0.5438106656074524
佐野瑞樹(俳優),加藤慶祐,0.5770053466161092
工藤晴香,持田香織,0.5062695741653442
八木麻紗子,持田香織,0.5641703009605408
吉羽美華,持田香織,0.5471174269914627
持田香織,有沢比呂子,0.5101393461227417
おのののか,倉科カナ,0.5338206440210342
おのののか,大盛真歩,0.5142744779586792
おのののか,南波陽向,0.5063932538032532
井上芳雄,松田龍平,0.5577917397022247
中村獅童,井上芳雄,0.524142861366272
井上芳雄,柄本佑,0.5391227006912231
橋爪功,浅香光代,0.5926780551671982
橋爪功,間寛平,0.549413093498775
段原瑠々,池田楓,0.6475555300712585
南波陽向,段原瑠々,0.5272237658500671
大盛真歩,段原瑠々,0.5245013236999512
段原瑠々,髙橋ひかる,0.5506109595298767
戸田恵子,石川さゆり,0.5595027463776725
下平さやか,石川さゆり,0.5285873413085938
石川さゆり,鈴木京香,0.5067631155252457
奥貫薫,石川さゆり,0.5124466419219971
佐久間良子,石川さゆり,0.5035343964894613
入山法子,安藤サクラ,0.5908884235790798
かとうかず子,安藤サクラ,0.5480147004127502
安藤サクラ,横澤夏子,0.5686439616339547
夏子,安藤サクラ,0.5499467253684998
安藤サクラ,江口のりこ,0.5716539025306702
安藤サクラ,石川さゆり,0.5311805009841919
安藤サクラ,黒川智花,0.5136358737945557
内田理央,鎌田菜月,0.5029750466346741
布袋百椛,鎌田菜月,0.5864247232675552
田村菜月,鎌田菜月,0.5631343722343445
佐藤蛾次郎,西田敏行,0.5299657583236694
井上和香,松坂南,0.5071420073509216
佐藤実絵子,布袋百椛,0.5038765668869019
宮藤官九郎,島田秀平,0.5212007164955139
宮藤官九郎,益子卓郎,0.5142190754413605
ピエール瀧,宮藤官九郎,0.5309210419654846
伊藤寧々,宮澤智,0.5202447175979614
伊藤寧々,内田理央,0.5020514726638794
伊藤寧々,佐藤詩識,0.5685011446475983
伊藤寧々,大盛真歩,0.511034871850695
伊藤寧々,吉田伶香,0.5685538351535797
伊藤寧々,白井友紀乃,0.5170063376426697
三宅ひとみ,加藤和樹,0.5421578884124756
三宅ひとみ,安倍麻美,0.5991886138916016
三宅ひとみ,鮎川穂乃果,0.6008575359980265
三宅ひとみ,山下美月,0.5780569513638815
三宅ひとみ,橘美緒,0.5883017182350159
橋本楓,橋本瑠果,0.7180885076522827
広澤克実,角野卓造,0.5806551575660706
ウド鈴木,広澤克実,0.5131670832633972
佐藤二朗,広澤克実,0.5183850186211723
おりも政夫,広澤克実,0.5063895583152771
安藤優也,広澤克実,0.5066448052724203
名波浩,広澤克実,0.5032044053077698
岩田剛典,菊池風磨,0.5493396032940258
中川大志,菊池風磨,0.5129935145378113
本郷奏多,菊池風磨,0.5528335769971212
崎本大海,菊池風磨,0.5701783498128256
中尾明慶,菊池風磨,0.5371336340904236
佐藤真知子,村井美樹,0.5698921322822571
佐藤真知子,繁田美貴,0.5675846272044711
佐藤真知子,溝口恵,0.6776022744733233
佐藤真知子,工藤美桜,0.5799391865730286
佐藤真知子,宮崎理奈,0.508833666642507
佐藤真知子,斉藤優里,0.5789628823598226
佐藤真知子,菊地最愛,0.5124044815699259
佐藤真知子,笹崎里菜,0.5298339525858561
佐藤真知子,石塚美月,0.5978446125984191
白石美帆,逢沢りな,0.5143295526504517
水卜麻美,逢沢りな,0.5282430052757263
逢沢りな,高嶋菜七,0.5584756731987
矢作萌夏,逢沢りな,0.55077064037323
瑞季,逢沢りな,0.5406495630741119
橘美緒,逢沢りな,0.5437132716178894
三宅ひとみ,逢沢りな,0.5266283750534058
逢沢りな,高橋一生,0.5372724533081055
神志那結衣,逢沢りな,0.521467387676239
まりあ,逢沢りな,0.5002151131629944
佐藤勝利,片寄涼太,0.5570688356052745
佐藤勝利,栗原類,0.527880867322286
佐藤勝利,溝端淳平,0.5070951581001282
佐藤勝利,間宮祥太朗,0.5049569606781006
佐藤勝利,白石美帆,0.5076402127742767
並木万里菜,佐藤勝利,0.5530853536393907
佐藤勝利,加藤慶祐,0.5625399351119995
佐藤勝利,永瀬匡,0.5101589560508728
佐藤勝利,賀来賢人,0.505170464515686
三浦翔平,佐藤勝利,0.5058971643447876
佐藤勝利,石垣佑磨,0.5278398096561432
佐藤勝利,水嶋ヒロ,0.518331241607666
佐藤勝利,玉木宏,0.5164906978607178
大槻ケンヂ,橋爪遼,0.5016130208969116
佐々木蔵之介,大槻ケンヂ,0.51479172706604
トリンドル玲奈,市川寛子,0.5522449612617493
トリンドル玲奈,佐藤梨那,0.506027340888977
劇団ひとり,岩田絵里奈,0.5129907965660095
ピエール瀧,井浦新,0.5056975483894348
井浦新,小野武彦,0.514836311340332
井浦新,香取慎吾,0.5083828568458557
井浦新,加山雄三,0.5027676224708557
井浦新,金子貴俊,0.509904682636261
井浦新,高知東生,0.5051011443138123
井浦新,堀江貴文,0.5013929009437561
井浦新,石田衣良,0.5078992545604706
井浦新,新井浩文,0.5720349351565043
井浦新,安藤優也,0.5024833083152771
井浦新,橋爪遼,0.5127606987953186
ディーン・フジオカ,井浦新,0.5021404922008514
井浦新,金正恩,0.5627652406692505
井浦新,佐野史郎,0.5050565600395203
井浦新,戸次重幸,0.5116433501243591
井浦新,矢作兼,0.5156922340393066
井浦新,柴田英嗣,0.5133703589439392
池端忍,石田佳蓮,0.5494376619656881
忽那汐里,池端忍,0.5426163077354431
福本清三,間寛平,0.624095787343226
石原伸晃,福本清三,0.5442227992144498
小野武彦,福本清三,0.5630322694778442
松崎しげる,福本清三,0.5162144303321838
宇梶剛士,福本清三,0.5290364027023315
松本白鸚,福本清三,0.5048729181289673
吉田義男,福本清三,0.6695616021752357
永瀬廉,深田恭子,0.5482410788536072
永瀬廉,河合龍之介,0.5057504773139954
永瀬廉,高橋一生,0.5951829552650452
加藤和樹,永瀬廉,0.5180860757827759
山﨑努,永瀬廉,0.5155256390571594
永瀬廉,渡辺由架,0.5347486933072408
永瀬廉,鮎川穂乃果,0.5022629499435425
永瀬廉,海保知里,0.5024938583374023
加護亜依,黒川智花,0.5168042182922363
加護亜依,安藤サクラ,0.5190498232841492
夏木マリ,服部真湖,0.5001421570777893
うつみ宮土理,夏木マリ,0.5195644199848175
吹石一恵,柴本幸,0.5176353454589844
安田聖愛,柴本幸,0.5756028890609741
仲間由紀恵,柴本幸,0.5462687611579895
嗣永桃子,山田愛奈,0.5713561177253723
梅山恋和,竹本くるみ,0.7212274405691359
横山ルリカ,野村真季,0.528781791528066
横山ルリカ,笹崎里菜,0.5385136604309082
中原みなみ,黒田みゆ,0.5942972898483276
松田栞,黒田みゆ,0.5464646220207214
浅井七海,黒田みゆ,0.5179028511047363
水卜麻美,黒田みゆ,0.5307503640651703
村山優香,黒田みゆ,0.5106388926506042
内田嶺衣奈,松村未央,0.5668015778064728
いしだ壱成,岡村隆史,0.5137407779693604
いしだ壱成,光石研,0.5179251879453659
いしだ壱成,桂きん枝,0.5043301582336426
いしだ壱成,又吉直樹,0.5147489309310913
いしだ壱成,舘ひろし,0.5624582767486572
いしだ壱成,浜田雅功,0.5035357177257538
有田哲平,田中聖,0.5779493451118469
太田光,有田哲平,0.5161871612071991
有田哲平,火野正平,0.5151078701019287
有田哲平,萩原健一,0.5128675103187561
有田哲平,鈴木浩介,0.5663415193557739
有田哲平,益岡徹,0.524321973323822
有田哲平,舞の海秀平,0.5126415491104126
尾碕真花,松井愛莉,0.5308502614498138
愛希れいか,松井愛莉,0.5197212994098663
松井愛莉,芦田愛菜,0.5198598802089691
まりあ,カレン,0.550826907157898
カレン,堀田茜,0.5453945398330688
カレン,町音葉,0.5341134965419769
アヤカ・ウィルソン,カレン,0.5277428030967712
カレン,石原さとみ,0.5896906918949552
末永桜花,渡邉歩咲,0.5350155532360077
末永桜花,浅井裕華,0.5342081189155579
岡村梨央,矢作萌夏,0.5208272337913513
岡村梨央,弘中綾香,0.527433767914772
尾崎世里花,岡村梨央,0.5147098422050476
和田愛菜,岡村梨央,0.5148383975028992
岡村梨央,浅井七海,0.5369390845298767
大黒摩季,小山明子,0.5163885533809662
小山明子,野田聖子,0.5393761396408081
吹石一恵,細貝沙羅,0.5499564011891683
吹石一恵,橘ゆりか,0.5354291598002116
吹石一恵,市川由衣,0.5296240091323853
吹石一恵,横山美雪,0.5523844957351685
吹石一恵,米倉涼子,0.5113771557807922
三吉彩花,吹石一恵,0.5137534936269125
中田有紀,吹石一恵,0.5170762062072753
吹石一恵,櫻井淳子,0.5062074661254883
一青窈,吹石一恵,0.5102198719978333
吹石一恵,杉野真実,0.5362584233283997
吹石一恵,安西マリア,0.5196996529897054
吹石一恵,金田哲,0.5091492533683777
中里萌,倉島颯良,0.5750094652175903
倉島颯良,阿部芽唯,0.5239748358726501
倉島颯良,齋藤飛鳥,0.5264817674954733
倉島颯良,平手友梨奈,0.5052268505096436
上谷沙弥,早坂つむぎ,0.6122330758306715
安倍麻美,早坂つむぎ,0.5656488537788391
平手友梨奈,早坂つむぎ,0.5351171940565109
早坂つむぎ,高橋一生,0.5331636667251587
早坂つむぎ,鮎川穂乃果,0.5037451982498169
本郷奏多,神木隆之介,0.6474122107028961
中廣弥生,大橋真子,0.7154077887535095
中廣弥生,安藤千伽奈,0.6346380829811096
八乙女光,片寄涼太,0.5007239580154419
八乙女光,加藤慶祐,0.5246679186820984
塩見三省,渡辺謙,0.6182951927185059
塩見三省,尾身茂,0.5493648775986263
塩見三省,錦織一清,0.5638387203216553
塩見三省,生瀬勝久,0.5220509320497513
塩見三省,柴田英嗣,0.5104658404986063
中原丈雄,塩見三省,0.5049508810043335
伊藤沙莉,瑞季,0.5672142505645752
伊藤沙莉,内木志,0.5111664533615112
安倍麻美,若月佑美,0.5892478823661804
若月佑美,高橋一生,0.5355618000030518
加藤和樹,若月佑美,0.5192205309867859
堤下敦,岩尾望,0.5443182706832885
堤下敦,朝乃山英樹,0.5304259359836578
佐藤詩識,髙木悠未,0.5521616339683533
横山美雪,櫻井淳子,0.5009721517562866
横山美雪,橘ゆりか,0.5706291124224663
安西マリア,横山美雪,0.5580242872238159
二階堂ふみ,横山美雪,0.5264019270737966
ケンドーコバヤシ,マキタスポーツ,0.5702547188848257
ケンドーコバヤシ,河野太郎,0.5976092219352722
ケンドーコバヤシ,山路和弘,0.5428080643926348
ケンドーコバヤシ,立花孝志,0.5172496636708578
ケンドーコバヤシ,西田敏行,0.5385380625724793
ケンドーコバヤシ,中村吉右衛門,0.5202158689498901
ケンドーコバヤシ,木下隆行,0.5193041430579292
ケンドーコバヤシ,桜金造,0.5410779714584351
ケンドーコバヤシ,大鶴義丹,0.5497890710830688
玉木宏,窪塚洋介,0.5314204096794128
窪塚洋介,遠藤憲一,0.5070847868919373
窪塚俊介,窪塚洋介,0.5287410616874695
池田楓,田村菜月,0.6787220239639282
南波陽向,池田楓,0.5925520658493042
佐藤詩識,池田楓,0.5683920979499817
末永桜花,池田楓,0.5240721503893534
吉川美代子,山東昭子,0.5817955732345581
吉川美代子,岸惠子,0.5321788191795349
三輪ひとみ,有森也実,0.5125609040260315
古田新太,岸部一徳,0.5215725700060526
小沢昭一,岸部一徳,0.5228884667158127
岸部一徳,軽部真一,0.5249255895614624
岸部一徳,関口宏,0.5388312339782715
山崎裕太,柴田英嗣,0.6404033568170335
中村俊輔,橋爪遼,0.5030817687511444
世良公則,後藤輝基,0.5921890139579773
井上由莉耶,白雪希明,0.5740116106139289
井上由莉耶,秦佐和子,0.5365591049194336
山内健司,渥美清,0.5276381596922874
夏目綾,横島亜衿,0.5128977298736572
夏目綾,廣瀬大介,0.552735585719347
伊勢鈴蘭,夏目綾,0.5112437605857849
森富美,青田典子,0.5660252993305525
青田典子,高橋一生,0.6004787087440491
安倍麻美,青田典子,0.5693671703338623
青田典子,鮎川穂乃果,0.5310644507408142
三宅ひとみ,青田典子,0.5201847553253174
小泉今日子,青田典子,0.5164007246494293
安田早紀,安田聖愛,0.5065162181854248
安田早紀,紀真耶,0.5309991240501404
八木麻紗子,矢島悠子,0.5552605092525482
白石美帆,矢島悠子,0.5969340205192566
中島史恵,矢島悠子,0.5146802067756653
水卜麻美,矢島悠子,0.5410557389259338
相田翔子,矢島悠子,0.5015100240707397
矢島悠子,美華,0.5403609275817871
マキタスポーツ,大鶴義丹,0.5704436898231506
マキタスポーツ,西田敏行,0.5017523169517517
マキタスポーツ,根津甚八,0.5297571221987406
芦屋雁之助,阿部サダヲ,0.5146306753158569
堀江貴文,阿部サダヲ,0.5029521584510803
石丸謙二郎,阿部サダヲ,0.5374009609222412
立花孝志,阿部サダヲ,0.5009299516677856
中村俊輔,長谷川穂積,0.582981652683682
三浦浩一,長谷川穂積,0.5208284556865692
永島優美,阿部マリア,0.5514832615852356
三吉彩花,阿部マリア,0.5222163001696268
河北麻友子,阿部マリア,0.5432669737122275
堀田茜,阿部マリア,0.5193694084882736
斉藤優里,阿部マリア,0.5437137863852761
田中皓子,阿部マリア,0.5584133625030517
坂本昌行,間宮祥太朗,0.5411610901355743
加藤慶祐,間宮祥太朗,0.5573087675230843
永瀬匡,間宮祥太朗,0.5400329165988498
久保田秀敏,間宮祥太朗,0.5235511660575867
橋本良亮,間宮祥太朗,0.5468115011850992
安達健太郎,間宮祥太朗,0.5495239496231079
加藤和樹,間宮祥太朗,0.5287613073984782
佐々木蔵之介,間宮祥太朗,0.5211014747619629
片寄涼太,間宮祥太朗,0.5526193976402283
窪田正孝,間宮祥太朗,0.5333201289176941
安東弘樹,陣内孝則,0.5443834066390991
安東弘樹,鈴木浩介,0.5041254162788391
いとうせいこう,安東弘樹,0.5103514790534973
光石研,安東弘樹,0.5541180968284607
安東弘樹,柴田英嗣,0.5223766565322876
戸次重幸,永山絢斗,0.5057814717292786
国山ハセン,永山絢斗,0.5139045715332031
いとうせいこう,テリー伊藤,0.5326289534568787
いとうせいこう,柴田英嗣,0.5035599072774252
いとうせいこう,井上貴博,0.5550432006518046
いとうせいこう,鈴木浩介,0.5017035007476807
いとうせいこう,軽部真一,0.532782793045044
いとうせいこう,渡辺いっけい,0.512152761220932
廣田あいか,戸部洋子,0.5415502786636353
喜入友浩,高橋一生,0.5416162014007568
三沢明美,忽滑谷こころ,0.5518085658550262
ホラン千秋,忽滑谷こころ,0.5202943086624146
忽滑谷こころ,黒島結菜,0.5979692141215006
加藤玲奈,都丸紗也華,0.5797127485275269
堀田茜,都丸紗也華,0.5387596368789673
安陪恭加,都丸紗也華,0.5338861445585886
まりあ,都丸紗也華,0.5763975779215494
竹本くるみ,都丸紗也華,0.5068151354789734
芦名星,都丸紗也華,0.5264198780059814
窪田正孝,高橋和也,0.5518283307552337
今田耕司,高橋和也,0.5145910382270813
佐藤浩市,高橋和也,0.5642000436782837
阿部寛,高橋和也,0.53181391954422
高橋和也,高知東生,0.5087447762489319
ビートたけし,輪島功一,0.5897214677598741
大林宣彦,輪島功一,0.5714024504025778
三宅裕司,輪島功一,0.5413299351930618
小沢昭一,輪島功一,0.5639303241457257
北野たけし,輪島功一,0.5952598750591278
輪島功一,辛坊治郎,0.5417141643437472
輪島功一,間寛平,0.5703912278016409
輪島功一,阿藤快,0.5896990497907003
梅沢富美男,輪島功一,0.5521726012229919
輪島功一,関口宏,0.5384011566638947
尾木直樹,輪島功一,0.5103390216827393
みのもんた,輪島功一,0.551761656999588
火野正平,輪島功一,0.5157819092273712
福本清三,輪島功一,0.6207541227340698
西田敏行,輪島功一,0.5694714188575745
尾崎里紗,工藤美桜,0.5175023972988129
入山法子,芦田実沙寿,0.5074446797370911
あべ静江,渡辺えり,0.5069554150104523
あべ静江,佐久間良子,0.5543724298477173
あべ静江,小池百合子,0.5433532893657684
向井康二,大野智,0.5482480078935623
安藤咲桜,真凛,0.5141467650731405
入山法子,真凛,0.5289705470204353
吉村恵里子,真凛,0.5257551670074463
新井愛瞳,真凛,0.5188103318214417
堀田茜,真凛,0.5349283814430237
一色紗英,真凛,0.5304316282272339
亀梨和也,千賀健永,0.5421760082244873
千賀健永,宮野真守,0.5118328134218851
宮本茉由,玉田志織,0.6263140315810839
宮本茉由,田原萌々,0.5011127591133118
南波陽向,宮本茉由,0.540350337823232
今村美月,宮本茉由,0.5502801537513733
大盛真歩,宮本茉由,0.5187129974365234
宮本茉由,深津絵里,0.5385079383850098
宮本茉由,葵わかな,0.5023975372314453
あき竹城,小山明子,0.5963320136070251
後藤理沙子,高木由麻奈,0.5970651100982319
後藤理沙子,畑芽育,0.5026695132255554
平松邦夫,阿藤快,0.5815655929701669
軽部真一,阿藤快,0.5089873373508453
ビートたけし,阿藤快,0.6254935339093208
北野たけし,阿藤快,0.655004878838857
小野武彦,阿藤快,0.5773212801326405
阿藤快,齋藤孝,0.5508832931518555
上田晋也,阿藤快,0.5143243074417114
近藤真彦,阿藤快,0.5046926736831665
阿藤快,高田純次,0.5192386731505394
佐藤浩市,阿藤快,0.5066820979118347
山寺宏一,阿藤快,0.5045587420463562
大村崑,阿藤快,0.5292788147926331
錦織一清,阿藤快,0.545795738697052
岸田森,阿藤快,0.5057443380355835
中村俊輔,安田章大,0.6155365565243889
安田章大,桐谷健太,0.555981457233429
安田章大,渡辺江里子,0.5952706336975098
フォンチー,八木麻紗子,0.554914154112339
八木麻紗子,紀真耶,0.6206914385159811
吉田彩良,柿崎芽実,0.5105559825897217
荒野姫楓,髙畑結希,0.5337592363357544
紀真耶,髙畑結希,0.5225595169597201
池田楓,髙畑結希,0.5137502551078796
中廣弥生,髙畑結希,0.6441718425069537
大橋真子,髙畑結希,0.630619078874588
中村麻里子,髙畑結希,0.5209059119224548
間野春香,髙畑結希,0.50970858335495
坂本莉央,髙畑結希,0.5030310153961182
今井翼,伊勢谷友介,0.5151704251766205
伊勢谷友介,原田龍二,0.5094764828681946
加藤玲奈,川口春奈,0.5043132305145264
佐々木舞音,斎藤ちはる,0.5188525468111038
斎藤ちはる,玉田志織,0.5120804111162821
アヤカ・ウィルソン,夏焼雅,0.5413753390312195
夏焼雅,沖田彩花,0.5269348621368408
まりあ,夏焼雅,0.5365990400314331
堀田茜,夏焼雅,0.5192587971687317
夏焼雅,浦浜アリサ,0.5036242604255676
あばれる君,陣内孝則,0.51833575963974
鈴木浩介,陣内孝則,0.5067501664161682
岡本栄,陣内孝則,0.5529403885205587
水谷豊,陣内孝則,0.5550960983548846
哀川翔,陣内孝則,0.5290326774120331
三浦友和,陣内孝則,0.5342337489128113
遠谷比芽子,陣内孝則,0.5456213355064392
小野武彦,陣内孝則,0.5253928899765015
葛山信吾,陣内孝則,0.5393164924212864
坂口拓,金子賢,0.5169699390729269
大泉洋,金子賢,0.5091460943222046
原田大二郎,安田和博,0.5718926191329956
内田理央,畑芽育,0.5267882943153381
ぼんちおさむ,舘ひろし,0.5429972112178802
ぼんちおさむ,岡本信人,0.525208158152444
ぼんちおさむ,光石研,0.5583035349845886
香田晋,高島宗一郎,0.5348779467435983
河本準一,高島宗一郎,0.5142242312431335
又吉直樹,高島宗一郎,0.52292101085186
石井一久,高島宗一郎,0.508586049079895
坂東玉三郎,高島宗一郎,0.5176005959510803
島田秀平,高島宗一郎,0.5299803614616394
中原丈雄,高島宗一郎,0.5436723679304123
根津甚八,高島宗一郎,0.5355142951011658
原田龍二,高島宗一郎,0.5055736899375916
ひかる一平,石垣佑磨,0.554480791091919
ひかる一平,世良公則,0.5240161021550497
ひかる一平,三浦友和,0.5126460492610931
ひかる一平,大和田伸也,0.5371589660644531
ひかる一平,錦織一清,0.5708593726158142
又吉直樹,岡村隆史,0.5109180808067322
岡村隆史,風間杜夫,0.5006856918334961
岡村隆史,金田明夫,0.5268633961677551
世良公則,岡村隆史,0.5154641389846801
中村吉右衛門,岡村隆史,0.5125436335802078
今田耕司,岡村隆史,0.5748154362042744
岡村隆史,高橋克実,0.5313860327005386
岡村隆史,林家木久扇,0.5031436681747437
温水洋一,石破茂,0.5484572419753442
温水洋一,辛坊治郎,0.5415115058422089
内山信二,温水洋一,0.5176679790019989
三宅正治,温水洋一,0.5107756853103638
小沢昭一,温水洋一,0.5373851656913757
みのもんた,温水洋一,0.5167106986045837
温水洋一,石丸謙二郎,0.5087894797325134
温水洋一,高橋慶彦,0.567025363445282
温水洋一,石井正則,0.5213023573160172
温水洋一,関口宏,0.5124503076076508
新井浩文,温水洋一,0.5465281009674072
福田萌子,笹川友里,0.5215932726860046
岸田森,高知東生,0.552843051297324
内野聖陽,岸田森,0.5385961400138007
寺田農,岸田森,0.539295881986618
岸田森,瀬川瑛子,0.5113604068756104
中岡創一,河野太郎,0.5181260704994202
中岡創一,松崎しげる,0.5066959261894226
中岡創一,石原伸晃,0.5014050602912903
三谷幸喜,中岡創一,0.511593222618103
中岡創一,齋藤孝,0.5067776143550873
あべみほ,早瀬英里奈,0.5226070284843445
春野恵子,芦川よしみ,0.5159249007701874
平手友梨奈,齋藤飛鳥,0.5761826954236845
平手友梨奈,深田恭子,0.5300851166248322
佐藤日向,平手友梨奈,0.5520865321159363
安倍麻美,平手友梨奈,0.5549876093864441
山下美月,平手友梨奈,0.6507341861724854
三田美吹,平手友梨奈,0.5322051644325256
平手友梨奈,角ゆりあ,0.549358606338501
千葉真一,河野太郎,0.5180669171469552
阿部渡,香取慎吾,0.5615050494670868
萩原健一,阿部渡,0.5130743185679117
ピエール瀧,阿部渡,0.5740273706614971
山口智充,阿部渡,0.548338770866394
ビートたけし,阿部渡,0.5404132008552551
南波雅俊,阿部渡,0.6323150992393494
山本雪乃,野村真季,0.531861404577891
とよた真帆,鈴木京香,0.522850493590037
下平さやか,鈴木京香,0.523621678352356
トリンドル玲奈,葵わかな,0.52019202709198
林美桜,葵わかな,0.5530023794425162
玉城ティナ,葵わかな,0.5510902802149454
市川寛子,葵わかな,0.5346565246582031
白石美帆,葵わかな,0.5171257853507996
佐藤梨那,葵わかな,0.5330439358949661
八木麻紗子,工藤晴香,0.5452917416890463
工藤晴香,田中皓子,0.5134774049123129
工藤晴香,黒川智花,0.5283125638961792
火野正平,間寛平,0.5769322236378988
椎名誠,火野正平,0.5717790524164835
森田健作,火野正平,0.5249242186546326
ビートたけし,火野正平,0.5479728579521179
北野たけし,火野正平,0.538321316242218
佐藤浩市,火野正平,0.5051464438438416
江口洋介,火野正平,0.5316944718360901
小沢昭一,火野正平,0.5367059409618378
火野正平,福本清三,0.5588638782501221
火野正平,高橋克実,0.5895195007324219
吉田義男,火野正平,0.511245846748352
宝田明,火野正平,0.5633719265460968
ラサール石井,火野正平,0.5321280360221863
池田清彦,火野正平,0.5129650235176086
山口智充,火野正平,0.5034828782081604
火野正平,石原慎太郎,0.5162606239318848
哀川翔,火野正平,0.5161246061325073
中村舞,對馬優菜子,0.5290151536464691
對馬優菜子,花岡なつみ,0.5306537747383118
名取稚菜,對馬優菜子,0.5797231793403625
對馬優菜子,平田詩奈,0.5782774090766907
田村菜月,秋山眞緒,0.602180770852349
佐藤詩識,秋山眞緒,0.6165214776992798
杉原凜,秋山眞緒,0.5210516452789307
原田大二郎,鷲尾真知子,0.5630080633693271
原田大二郎,角野卓造,0.5188136696815491
原田大二郎,池田清彦,0.538246750831604
原田大二郎,近藤正臣,0.5115009844303131
原田大二郎,立花孝志,0.5164490342140198
原田大二郎,間寛平,0.5090510845184326
原田大二郎,梅宮辰夫,0.5114117860794067
原田大二郎,大熊英司,0.5209861397743225
クリス松村,阿部寛,0.5799942016601562
柴田英嗣,阿部寛,0.5588644742965698
阿部寛,齋藤孝,0.5532992482185364
中村雅俊,阿部寛,0.5319748073816299
内野聖陽,阿部寛,0.5327193405893114
安田顕,阿部寛,0.5091807842254639
渡辺謙,阿部寛,0.5351519584655762
鈴木浩介,阿部寛,0.5270707011222839
河野太郎,阿部寛,0.5207778811454773
東貴博,阿部寛,0.5040088593959808
佐藤浩市,阿部寛,0.520809531211853
浅井裕華,田村菜月,0.5535559739385333
木本優菜,田村菜月,0.592846155166626
南波陽向,田村菜月,0.6576595856593206
岡本栄,錦野旦,0.5406872630119324
池上彰,錦野旦,0.5185485482215881
奈良岡朋子,錦野旦,0.500394880771637
三浦友和,錦野旦,0.5161619782447815
錦野旦,関口宏,0.5268659989039103
小沢昭一,錦野旦,0.5067029794057211
鈴木浩介,錦野旦,0.521692305803299
哀川翔,錦野旦,0.5107355415821075
笠井信輔,錦野旦,0.604045569896698
世良公則,錦野旦,0.5256111820538839
ささきいさお,錦野旦,0.5279575188954672
升毅,錦野旦,0.5123955011367798
水谷豊,錦野旦,0.5497643947601318
永瀬正敏,錦野旦,0.5354281067848206
錦野旦,髙嶋政宏,0.532853364944458
吉村恵里子,新井愛瞳,0.6037992835044861
三田友梨佳,吉村恵里子,0.529072642326355
中川大志,崎本大海,0.5315528512001038
崎本大海,池松壮亮,0.508216381072998
堺正章,間寛平,0.5632070075063145
堺正章,辛坊治郎,0.5580942928791046
ピエール瀧,堺正章,0.6224882125854492
堺正章,田中裕二,0.5064162015914917
堺正章,秋山幸二,0.5020346641540527
堺正章,火野正平,0.5391860008239746
堺正章,江口洋介,0.5112455685933431
森本茉莉,永野恵,0.507988303899765
永野恵,竹本くるみ,0.5666679620742798
永野恵,渡邉歩咲,0.532143255074819
中野愛理,永野恵,0.5068782567977905
池田楓,阿部夢梨,0.5023283958435059
井上清華,阿部夢梨,0.5300895571708679
松井愛莉,阿部夢梨,0.5088005661964417
大盛真歩,阿部夢梨,0.5206205589430672
芦田愛菜,阿部夢梨,0.5029370188713074
YOU(タレント),秦佐和子,0.5107421875
YOU(タレント),岸惠子,0.5334264039993286
YOU(タレント),吉田羊,0.5292299389839172
樫野有香,深田恭子,0.5152851343154907
椎名林檎,樫野有香,0.5149329304695129
吉沢梨絵,樫野有香,0.5025185942649841
廣瀬大介,鮎川穂乃果,0.5118759274482727
廣瀬大介,根本宗子,0.5015405416488647
みうらうみ,武井咲,0.5038497447967529
マリウス葉,岩本照,0.5220256149768829
ジェシー,岩本照,0.5494694113731384
岩本照,戸次重幸,0.5343146920204163
宮田俊哉,岩本照,0.5421023567517599
浅川梨奈,荻野由佳,0.5379044413566589
則本昂大,江口洋介,0.5319363673528036
山内健司,江口洋介,0.5356438557306925
森田健作,江口洋介,0.5022420883178711
松本白鸚,江口洋介,0.5373266786336899
光石研,江口洋介,0.5309069156646729
峯田和伸,江口洋介,0.5346899628639221
明石家さんま,江口洋介,0.5546814203262329
江口洋介,間寛平,0.5591111481189728
江口洋介,福本清三,0.5463390946388245
丸山隆平,江口洋介,0.5483649174372355
江口洋介,矢作兼,0.5512695908546448
大倉孝二,江口洋介,0.5090982913970947
南原清隆,江口洋介,0.5020915269851685
江口洋介,阿部渡,0.5036551356315613
森田健作,高橋慶彦,0.5243654102087021
石井正則,高橋慶彦,0.5411694844563802
辛坊治郎,高橋慶彦,0.5372083187103271
ピエール瀧,高橋慶彦,0.5003706216812134
塚本晋也,高橋慶彦,0.5502603054046631
伊東四朗,高橋慶彦,0.5719770789146423
習近平,高橋慶彦,0.5243137121200562
角野卓造,高橋慶彦,0.5131856501102448
近藤真彦,高橋慶彦,0.5533804297447205
三宅裕司,高橋慶彦,0.5323893512998309
輪島功一,高橋慶彦,0.531320333480835
泉谷しげる,高橋慶彦,0.516428530216217
石丸謙二郎,高橋慶彦,0.5027754306793213
みひろ,畑芽育,0.5256327788035074
杉上佐智枝,芦名星,0.6238645911216736
花岡なつみ,荻野由佳,0.5359584391117096
小林亜実,荻野由佳,0.535871684551239
安奈淳,安達祐実,0.5054943561553955
安奈淳,櫻井よしこ,0.5231606662273407
仁科亜季子,安奈淳,0.5454230507214864
大竹まこと,関口宏,0.5074490308761597
中原丈雄,錦織一清,0.5286923050880432
世良公則,錦織一清,0.5215722719828287
尾身茂,錦織一清,0.554144024848938
宝田明,錦織一清,0.513488233089447
大和田伸也,錦織一清,0.5192503134409586
三浦友和,錦織一清,0.5098434090614319
岸田森,錦織一清,0.5028597712516785
石原慎太郎,錦織一清,0.5280029508802626
錦織一清,高橋克実,0.5335654616355896
三宅正治,錦織一清,0.5070545077323914
野村克也,錦織一清,0.568342924118042
萩原健一,錦織一清,0.5081489682197571
鈴木浩介,錦織一清,0.5604954957962036
小野武彦,錦織一清,0.526518702507019
根津甚八,錦織一清,0.5027672648429871
松崎しげる,錦織一清,0.5327117443084717
日下部美愛,日高里菜,0.5763576030731201
佐久間信子,花島優子,0.5543828010559082
宮村優子(声優),田中皓子,0.5339240908622742
向井亜紀,宮村優子(声優),0.5025229454040527
佐久間良子,草笛光子,0.5119292736053467
佐久間良子,小泉今日子,0.5565301179885864
佐久間良子,戸田恵子,0.5255660563707352
下平さやか,佐久間良子,0.5394495129585266
佐久間良子,鈴木京香,0.5311976373195648
佐久間良子,有沢比呂子,0.5631546378135681
佐久間良子,奈良岡朋子,0.5159942388534546
佐久間良子,赤木春恵,0.5160143971443176
一路真輝,佐久間良子,0.5251945704221725
佐久間良子,池波志乃,0.5087105333805084
うつみ宮土理,マッハ文朱,0.5153013467788696
マッハ文朱,今陽子,0.5042695999145508
マッハ文朱,鷲尾真知子,0.5431122581164042
ふせえり,マッハ文朱,0.60848468542099
三浦友和,鈴木浩介,0.5257284939289093
三浦友和,萩原流行,0.5520240664482117
三浦友和,板尾創路,0.5465095490217209
三浦友和,阿部渡,0.5076930522918701
三浦友和,大和田伸也,0.5382084051767985
ガッツ石松,三浦友和,0.5812367558479309
三浦友和,福本清三,0.6173125505447388
三浦友和,間寛平,0.5692811131477356
三浦友和,髙嶋政宏,0.5260734558105469
三浦友和,緒形直人,0.5368931679164662
三浦友和,哀川翔,0.5019832849502563
三宅裕司,梅垣義明,0.516345739364624
三宅裕司,林家木久扇,0.5200809240341187
三宅裕司,石丸謙二郎,0.522936224937439
三宅裕司,辛坊治郎,0.5740578560268178
三宅裕司,小沢昭一,0.5775534510612488
三宅裕司,猫ひろし,0.5151114165782928
三宅正治,板尾創路,0.5258092880249023
ルー大柴,三宅正治,0.5393716096878052
三宅正治,小澤征爾,0.500725269317627
三宅正治,奥田瑛二,0.5234317183494568
片寄涼太,綾部祐二,0.5118304491043091
東貴博,綾部祐二,0.5155478119850159
太田光,綾部祐二,0.5115083754062653
名倉潤,綾部祐二,0.5083482265472412
佐藤健,綾部祐二,0.5071947574615479
大沢たかお,綾部祐二,0.5140364170074463
ケイン・コスギ,綾部祐二,0.530271053314209
渡部建,間寛平,0.55135098695755
スマイリーキクチ,落合博満,0.545999873252142
スマイリーキクチ,光石研,0.5781643390655518
スマイリーキクチ,山路和弘,0.5249634087085724
スマイリーキクチ,宝田明,0.5260221163431803
スマイリーキクチ,水谷豊,0.5356165766716003
スマイリーキクチ,萩生田光一,0.5198562443256378
スマイリーキクチ,ピエール瀧,0.5092973709106445
山内健司,森田健作,0.7328152095570284
倉持明日香,安倍なつみ,0.5170306861400604
浦野モモ,田中美空,0.5020939707756042
愛希れいか,浦野モモ,0.5242899911744254
浦野モモ,片渕茜,0.5484737753868103
水卜麻美,白石美帆,0.5272501839531792
八木麻紗子,水卜麻美,0.5005332231521606
千眼美子,小島聖,0.5651682615280151
五十嵐早香,大谷悠妃,0.6214398741722107
桐谷健太,橋本良亮,0.5495140552520752
桐谷健太,片寄涼太,0.5035443305969238
佐藤健,桐谷健太,0.5678385679538434
桐谷健太,永瀬匡,0.5005145072937012
柴田英嗣,桐谷健太,0.5369674563407898
井上貴博,桐谷健太,0.5381675362586975
今井翼,桐谷健太,0.5131461024284363
中尾明慶,桐谷健太,0.5095316469669342
河本準一,鈴木浩介,0.512412965297699
島田秀平,河本準一,0.5574757727709684
大槻ケンヂ,河本準一,0.5311345458030701
後藤輝基,河本準一,0.5152300000190735
神木隆之介,綾野剛,0.5491955942577786
坂口拓,綾野剛,0.5019412934780121
永山瑛太,綾野剛,0.5076577266057333
中村俊輔,綾野剛,0.5392486865703876
ダンディ坂野,綾野剛,0.5426977343029447
柄本佑,綾野剛,0.5000701546669006
石田明,綾野剛,0.572035014629364
ユースケ・サンタマリア,綾野剛,0.5510406494140625
加藤紀子,紀真耶,0.5568457785106841
加藤紀子,永江孝子,0.541754941145579
八木亜紀子,加藤紀子,0.5349956495421273
加藤紀子,星野希,0.548994779586792
加藤紀子,安藤希,0.5374771952629089
中村七之助,田中聖,0.5577884167432785
大橋未歩,白石美帆,0.5223873853683472
池田楓,浅井裕華,0.5129755735397339
浅井裕華,秋山眞緒,0.5150288939476013
吉田彩良,浅井裕華,0.5028817057609558
南波陽向,浅井裕華,0.5009723901748657
桜金造,風間杜夫,0.5106507539749146
世良公則,桜金造,0.6065768003463745
上原多香子,柿崎芽実,0.5490809266383831
大橋真子,柿崎芽実,0.5772723952929179
大矢真那,柿崎芽実,0.5394010663032531
中廣弥生,柿崎芽実,0.5850010216236115
坂東玉三郎,彦摩呂,0.5234881043434143
山口智充,金正恩,0.5248200959629483
佐野史郎,金正恩,0.544427235921224
三中元克,金正恩,0.5372592806816101
えなりかずき,金正恩,0.5332949658234915
知花くらら,須黒清華,0.5231304168701172
篠原冴美,須黒清華,0.527288019657135
八木麻紗子,須黒清華,0.5789673328399658
伊藤祐奈,佐藤すみれ,0.5345073342323303
佐藤すみれ,村山優香,0.5079865455627441
佐藤すみれ,森本茉莉,0.5309891899426779
佐藤すみれ,田辺奈菜美,0.6380018591880798
吉永小百合,岸惠子,0.5276525616645813
吉永小百合,野田聖子,0.5219862461090088
ふせえり,中村江里子,0.6063005477190018
横山智佐,熊切あさ美,0.7814929087956747
安蘭けい,橘ゆりか,0.5256894628206888
安蘭けい,福田典子,0.5158419609069824
安蘭けい,榮倉奈々,0.5509826242923737
安蘭けい,阿部純子,0.5288575092951456
上原多香子,玉城ティナ,0.515907034277916
柿崎芽実,玉城ティナ,0.5043304562568665
TAO,知花くらら,0.524672907590866
TAO,松田美由紀,0.515616794427236
TAO,廣瀬大介,0.5361043612162272
TAO,古川琴音,0.5000312924385071
山内瑞葵,髙塚夏生,0.5129001140594482
加藤和樹,溝端淳平,0.5436973532040914
加藤慶祐,溝端淳平,0.5290045291185379
溝端淳平,片寄涼太,0.5545247991879781
溝端淳平,賀来賢人,0.5213674157857895
中丸雄一,溝端淳平,0.5295739819606146
溝端淳平,神木隆之介,0.5820774833361307
本郷奏多,溝端淳平,0.5091675122578939
小澤征爾,高田純次,0.6114655613899231
佐藤浩市,小澤征爾,0.5197951793670654
ともさかりえ,市川寛子,0.5139868174280439
市川寛子,白石美帆,0.576815108458201
久冨慶子,市川寛子,0.5475757867097855
加藤慶祐,栗原類,0.5184749364852905
栗原類,水嶋ヒロ,0.515864759683609
北村匠海,栗原類,0.625908739036984
栗原類,永瀬匡,0.5720573663711548
栗原類,片寄涼太,0.5379495859146118
栗原類,賀来賢人,0.538471519947052
崎本大海,窪田正孝,0.5022589564323425
佐藤健,窪田正孝,0.5444764494895935
渡辺いっけい,窪田正孝,0.5079773664474487
窪田正孝,高橋一生,0.5300650000572205
久保田秀敏,窪田正孝,0.5282565355300903
今村美月,斉藤優里,0.5745271378093295
今村美月,髙塚夏生,0.503449559211731
今村美月,南波陽向,0.5474678344196744
今村美月,田村菜月,0.562111109495163
田中皓子,白井友紀乃,0.5088104605674744
玉田志織,田中皓子,0.5044536590576172
南波陽向,田中皓子,0.5490446209907531
田中皓子,田村菜月,0.5512369573116302
吉田伶香,田中皓子,0.5163108110427856
町音葉,黒崎レイナ,0.513477453163692
和田桜子,黒崎レイナ,0.5048787593841553
南波陽向,阿部芽唯,0.5090148448944092
村井美樹,笹崎里菜,0.5743929712395919
梅津弥英子,笹崎里菜,0.5902996957302094
笹崎里菜,繁田美貴,0.5414378941059113
吉田朱里,戸島花,0.5504259069760641
冨吉明日香,吉田朱里,0.5383697599172592
吉田朱里,高嶋菜七,0.5424372553825378
柴田英嗣,渡辺江里子,0.5315100252628326
安藤聖,石原さとみ,0.5942378640174866
ジェシー,向井康二,0.5107568502426147
ジェシー,神木隆之介,0.5148531794548035
ジェシー,橋本良亮,0.5161334276199341
夏野香波,玉田志織,0.5615560173988342
山口智充,石井正則,0.517347072561582
布袋百椛,浅井七海,0.5228531956672668
枡田絵理奈,浅井七海,0.5015320181846619
南波陽向,浅井七海,0.5381619334220886
沖侑果,浅井七海,0.584263265132904
かとうれいこ,生田智子,0.5193285942077637
一色采子,中村美律子,0.5092765986919403
三島遥香,三沢明美,0.5381326824426651
三島遥香,石橋けい,0.5447893738746643
三島遥香,遠谷比芽子,0.5167315204938253
三島遥香,忽滑谷こころ,0.5049495995044708
さとう里香,福本愛菜,0.5223034024238586
さとう里香,加藤紀子,0.5209711790084839
さとう里香,後藤晴菜,0.508331298828125
さとう里香,紀真耶,0.5081731081008911
さとう里香,渡辺直美,0.5264477729797363
坂東玉三郎,荒川良々,0.5109787881374359
世良公則,荒川良々,0.5101393759250641
岩尾望,荒川良々,0.5127442479133606
堺雅人,金子貴俊,0.5556154847145081
北野たけし,森田健作,0.6240788623690605
ビートたけし,森田健作,0.6387648582458496
ビートたけし,山内健司,0.6475667953491211
北野たけし,山内健司,0.5874544084072113
ビートたけし,ピエール瀧,0.5285828709602356
ビートたけし,寺田農,0.5282226204872131
野村克也,高島忠夫,0.5295031517744064
西田敏行,高島忠夫,0.53097914904356
船越英一郎,高島忠夫,0.5003796219825745
ビートたけし,高島忠夫,0.5119748115539551
習近平,高島忠夫,0.5100527405738831
生瀬勝久,高島忠夫,0.5005543828010559
風間杜夫,高島忠夫,0.5120843052864075
まりあ,宮﨑香蓮,0.5141920447349548
安陪恭加,宮﨑香蓮,0.509488582611084
中原みなみ,宮﨑香蓮,0.5136751085519791
福本愛菜,荒井優希,0.5000751614570618
宮崎理奈,荒井優希,0.5288636551962959
磯佳奈江,荒井優希,0.5222650340625218
森本茉莉,荒井優希,0.5381704270839691
宮沢静香,櫻井淳子,0.5210400819778442
宮沢静香,高橋一生,0.5751705765724182
宮沢静香,速水ゆかこ,0.5527304410934448
三宅ひとみ,宮沢静香,0.5289138555526733
安倍麻美,宮沢静香,0.5177108645439148
宮沢静香,荒井萌,0.5406606197357178
小泉今日子,岡本夏生,0.5136513113975525
岡本夏生,池上季実子,0.5015608668327332
向井亜紀,島田陽子,0.555547935622079
向井亜紀,島谷ひとみ,0.564498782157898
向井亜紀,有働由美子,0.5356171943924644
向井亜紀,瀬川瑛子,0.6072413855128818
とよた真帆,向井亜紀,0.5231698602437973
三沢明美,向井亜紀,0.5075176954269409
岡崎百々子,桜木ひな,0.515750914812088
坂ノ上朝美,天海祐希,0.5192990303039551
大和田伸也,寺田農,0.6005081951618194
升毅,大和田伸也,0.5427388310432434
大和田伸也,高橋英樹,0.5736586848894755
中野愛理,矢作萌夏,0.5271475911140442
中野愛理,布袋百椛,0.5658445102827889
中野愛理,吉田彩良,0.5094888210296631
加藤貴子,太田裕美,0.5220423340797424
加藤貴子,大橋未歩,0.5188688337802887
中田有紀,加藤貴子,0.5282942891120911
加藤貴子,武内絵美,0.5444991737604141
MIYUU,神志那結衣,0.5235459804534912
チャナナ沙梨奈,杉上佐智枝,0.5513709485530853
吉沢梨絵,森富美,0.6368024051189423
八木亜紀子,森富美,0.5405104756355286
岡本信人,立花孝志,0.5388695380904458
加藤慶祐,永瀬匡,0.5654679834842682
永瀬匡,片寄涼太,0.6014277935028076
加藤和樹,永瀬匡,0.5396974682807922
安井南,髙塚夏生,0.5494133234024048
村山彩希,髙塚夏生,0.5264904797077179
小松菜奈,髙塚夏生,0.5230280756950378
布袋百椛,髙塚夏生,0.5110291838645935
廣田あいか,後藤彩,0.5258450210094452
岩田絵里奈,林美桜,0.5371857947773404
岩田絵里奈,田中伊桜莉,0.5177217721939087
三田美吹,村山優香,0.5001602172851562
三田美吹,三谷紬,0.5180755456288656
三吉彩花,三田美吹,0.5062164962291718
三田美吹,市川寛子,0.5406691431999207
三田美吹,白石美帆,0.5189032107591629
三田美吹,木村朱美,0.5257503986358643
三田美吹,小坂菜緒,0.5173925757408142
三田美吹,滝口ミラ,0.5121504217386246
伊藤英明,阿部寛,0.5579641660054525
伊藤英明,高嶋政伸,0.5228677988052368
大滝秀治,間寛平,0.5356014172236124
大滝秀治,小沢昭一,0.5210818350315094
内山信二,星田英利,0.5202295482158661
梶原善,渡辺謙,0.5609163045883179
小木博明,梶原善,0.5181862115859985
三浦浩一,梶原善,0.562482476234436
工藤美桜,馬場ふみか,0.5114341378211975
古橋舞悠,古畑奈和,0.5533534288406372
市川寛子,武内絵美,0.5039182305335999
杉野真実,武内絵美,0.5362173318862915
小林亜実,後藤彩,0.5118635296821594
ユースケ・サンタマリア,中村俊輔,0.584369999520919
ユースケ・サンタマリア,東貴博,0.5059217810630798
ユースケ・サンタマリア,太田光,0.5418476661046346
ユースケ・サンタマリア,古田新太,0.5760802229245504
ユースケ・サンタマリア,内海哲也,0.5499386702265058
ユースケ・サンタマリア,渥美清,0.5519500970840454
ユースケ・サンタマリア,佐々木蔵之介,0.5104154944419861
ユースケ・サンタマリア,梶原善,0.5200556516647339
ユースケ・サンタマリア,松本白鸚,0.5425936579704285
ビートたけし,ユースケ・サンタマリア,0.5442802906036377
テリー伊藤,ユースケ・サンタマリア,0.5037567615509033
ユースケ・サンタマリア,名波浩,0.5247151692708333
えなりかずき,ユースケ・サンタマリア,0.5526487429936727
ユースケ・サンタマリア,世良公則,0.5501024723052979
ユースケ・サンタマリア,杉村春子,0.5094874799251556
小池百合子,黒沢かずこ,0.5063576698303223
竹内美宥,黒沢かずこ,0.5459516445795695
大谷亮平,永山瑛太,0.5441833436489105
戸次重幸,永山瑛太,0.5107258260250092
柄本佑,永山瑛太,0.5015119910240173
新井浩文,永山瑛太,0.5066365599632263
東貴博,永山瑛太,0.5529573261737823
樹木希林,舘ひろし,0.532777413725853
光石研,舘ひろし,0.5596742480993271
さとう宗幸,舘ひろし,0.6156314710776011
岩城滉一,舘ひろし,0.583732008934021
又吉直樹,舘ひろし,0.5181360989809036
井上和香,海保知里,0.5139897465705872
和香,海保知里,0.5006343722343445
世良公則,升毅,0.5237229466438293
世良公則,中原丈雄,0.5847838918368021
世良公則,嶋大輔,0.5238209615151087
世良公則,東貴博,0.5458377450704575
世良公則,渡辺いっけい,0.5080404877662659
テリー伊藤,世良公則,0.5143882632255554
世良公則,鈴木浩介,0.5334175229072571
世良公則,哀川翔,0.5230924487113953
世良公則,板尾創路,0.5282862186431885
則本昂大,西川遥輝,0.5886504709720611
則本昂大,南原清隆,0.548759913444519
則本昂大,山内健司,0.5714520812034607
則本昂大,森田健作,0.5593377947807312
山路和弘,高知東生,0.5162149667739868
山路和弘,梅宮辰夫,0.5386010527610778
マキタスポーツ,山路和弘,0.5513804256916046
戸次重幸,稲垣吾郎,0.5392178561952379
戸次重幸,本郷奏多,0.6540002822875977
戸次重幸,神木隆之介,0.5796714623769125
佐藤健,戸次重幸,0.5581974188486735
戸次重幸,永瀬正敏,0.5261111855506897
マイケル富岡,戸次重幸,0.5224557518959045
安部若菜,沖侑果,0.5106998085975647
梅山恋和,沖侑果,0.579594829252788
佐藤浩市,内野聖陽,0.5586853623390198
内野聖陽,賀来賢人,0.5784549117088318
内野聖陽,高知東生,0.52093638976415
マイケル富岡,内野聖陽,0.5228991707166036
内野聖陽,東貴博,0.5181828141212463
三沢明美,遠谷比芽子,0.5013537406921387
三輪ひとみ,遠谷比芽子,0.6543986797332764
椎名林檎,遠谷比芽子,0.5829408679689679
吉沢梨絵,遠谷比芽子,0.5714250802993774
遠谷比芽子,黒島結菜,0.5596154928207397
足立梨花,遠谷比芽子,0.525985062122345
中村メイコ,遠谷比芽子,0.5415403048197428
石井苗子,遠谷比芽子,0.5085864663124084
天海祐希,遠谷比芽子,0.5214479565620422
上戸彩,遠谷比芽子,0.5136168003082275
中村七之助,遠谷比芽子,0.517858122076307
久保田磨希,大島美幸,0.5346495764596122
久保田磨希,岩尾望,0.5937355160713196
久保田磨希,朝乃山英樹,0.5316590666770935
久保田磨希,椎名林檎,0.5847868323326111
久保田磨希,清水ミチコ,0.5909662246704102
久保田磨希,山内健司,0.5115653723478317
久保田磨希,内山信二,0.5137648582458496
久保田磨希,永江孝子,0.5800120234489441
安井南,岡村梨央,0.5184469223022461
上宮菜々子,太田光代,0.5296008586883545
川又優菜,長友彩海,0.5462007621924082
川又優菜,平田詩奈,0.5077908635139465
川又優菜,布袋百椛,0.5656565182349261
梅本泉,植田碧麗,0.5628742575645447
小池百合子,草笛光子,0.5964198112487793
扇千景,草笛光子,0.5570898760448803
奈良岡朋子,草笛光子,0.5450552006562551
草笛光子,鷲尾真知子,0.5240032510323958
草笛光子,赤木春恵,0.5078911781311035
小山明子,草笛光子,0.5721111968159676
奈美悦子,草笛光子,0.5538287162780762
吉永小百合,草笛光子,0.5474942326545715
加藤登紀子,草笛光子,0.521810519695282
かとうかず子,草笛光子,0.5239522159099579
山東昭子,草笛光子,0.5828393002351125
中村美律子,草笛光子,0.5529126439775739
石川さゆり,草笛光子,0.5393043756484985
宮本信子,草笛光子,0.5190645456314087
上宮菜々子,根本宗子,0.6213387738574635
まりあ,百田夏菜子,0.6029948375441812
はいだしょうこ,百田夏菜子,0.6601980328559875
村山優香,隅野和奏,0.5708263678984209
小坂菜緒,隅野和奏,0.5583824515342712
岩田桃夏,隅野和奏,0.542299211025238
為永幸音,隅野和奏,0.5345180034637451
光石研,鈴木浩介,0.5203691482543945
三浦翔平,鈴木浩介,0.5098129510879517
哀川翔,鈴木浩介,0.5937500074505806
笠井信輔,鈴木浩介,0.6088950634002686
松本白鸚,鈴木浩介,0.5411138435204824
さとう宗幸,猫ひろし,0.5865145087242126
さとう宗幸,ピエール瀧,0.5104029476642609
マリウス葉,本郷奏多,0.5023678541183472
南波陽向,大盛真歩,0.667570309979575
入山法子,堀江聖夏,0.5776679813861847
堀江聖夏,廣田あいか,0.5404715538024902
深田恭子,田中伊桜莉,0.5048693418502808
工藤美桜,深田恭子,0.602597971757253
深田恭子,渡辺由架,0.6203803618748983
深田恭子,齋藤飛鳥,0.5889086127281189
加藤和樹,深田恭子,0.5959489345550537
深田恭子,瑞季,0.5885903835296631
丸山隆平,葛山信吾,0.5040026903152466
岡本栄,葛山信吾,0.5531991307552044
石井一久,葛山信吾,0.5331139862537384
井上高志,葛山信吾,0.5294206887483597
池上彰,葛山信吾,0.539260745048523
升毅,葛山信吾,0.5046897530555725
ささきいさお,葛山信吾,0.501274824142456
下平さやか,浦野一美,0.5175249576568604
加藤智子,浦野一美,0.5619231859842936
布施明,高嶋政伸,0.5008562803268433
三ツ木清隆,高嶋政伸,0.5293629169464111
生瀬勝久,高嶋政伸,0.529348611831665
原望奈美,田辺奈菜美,0.5631002954074315
村山優香,田辺奈菜美,0.6548807422320048
石原さとみ,羽瀬川なぎ,0.5612703429328071
羽瀬川なぎ,芦田愛菜,0.5074303150177002
堀田茜,羽瀬川なぎ,0.518113648891449
まりあ,羽瀬川なぎ,0.5187402367591858
早川夢菜,羽瀬川なぎ,0.500900387763977
浅香光代,金田哲,0.5202987392743429
亀梨和也,金田哲,0.5357415080070496
山内鈴蘭,工藤美桜,0.5007796883583069
工藤美桜,渡辺由架,0.5931575894355774
加藤和樹,工藤美桜,0.547858476638794
工藤美桜,高橋一生,0.5374011397361755
工藤美桜,瑞季,0.5199913382530212
安倍麻美,工藤美桜,0.5146403312683105
宮崎理奈,工藤美桜,0.5718931436538697
三谷紬,工藤美桜,0.5546038448810577
三浦翔平,佐々木蔵之介,0.5588746070861816
三浦翔平,加藤慶祐,0.5745015035976063
三浦翔平,片寄涼太,0.548019289970398
三浦翔平,池松壮亮,0.5271325707435608
三浦翔平,神木隆之介,0.5220896899700165
三浦翔平,東貴博,0.5175791581471761
三浦翔平,石垣佑磨,0.5797326068083445
三浦翔平,澤村拓一,0.6008601917160882
渡邉歩咲,竹本くるみ,0.539450897110833
布袋百椛,渡邉歩咲,0.5376254149845668
岡本怜奈,渡邉歩咲,0.526226454310947
渡邉歩咲,矢作萌夏,0.5165667533874512
橋本愛,渡邉歩咲,0.530925989151001
柴野夕葵,渡邉歩咲,0.5162746906280518
渡邉歩咲,間野春香,0.5303931832313538
平田詩奈,渡邉歩咲,0.5203967094421387
永瀬正敏,萩原流行,0.5774876475334167
哀川翔,萩原流行,0.5186246037483215
山下美月,橘美緒,0.5974168181419373
橘美緒,鮎川穂乃果,0.6117545962333679
安倍麻美,橘美緒,0.5812734067440033
大西結花,早乙女愛,0.5056965947151184
フォンチー,紀真耶,0.5394863337278366
フォンチー,山内鈴蘭,0.5223056077957153
フォンチー,安田聖愛,0.5188481211662292
フォンチー,吉羽美華,0.5286194086074829
古舘葵,尾身茂,0.5626658797264099
古舘葵,安西かな,0.5320289731025696
窪塚俊介,髙嶋政宏,0.5593474879860878
佐藤浩市,髙嶋政宏,0.5539199709892273
哀川翔,髙嶋政宏,0.5110041499137878
井上貴博,髙嶋政宏,0.5145403146743774
佐藤二朗,名波浩,0.5372652262449265
佐藤二朗,葉加瀬太郎,0.5436400771141052
布袋百椛,平田詩奈,0.5902610182762146
平田詩奈,長友彩海,0.5011241436004639
古川登志夫,嶋大輔,0.5714326898256937
嶋大輔,間寛平,0.5254184007644653
佐々木望,嶋大輔,0.5231590270996094
山口智充,嶋大輔,0.501692533493042
嶋大輔,後藤輝基,0.5301827192306519
宮野真守,嶋大輔,0.5447551012039185
三吉彩花,佐藤真知子,0.5107863048712412
三吉彩花,堀田茜,0.5436436757445335
まりあ,三吉彩花,0.5312547087669373
のん,三吉彩花,0.5122756958007812
MEGUMI,石原さとみ,0.5184357166290283
嗣永桃子,杉原凜,0.5019118587176005
加藤るみ,福田典子,0.5424344539642334
吉田伶香,瑞季,0.5182887792587281
安田聖愛,石原さとみ,0.839630126953125
泉谷しげる,習近平,0.6882655620574951
泉谷しげる,舟木一夫,0.5078758001327515
なべおさみ,泉谷しげる,0.5009002089500427
林美桜,椿原慶子,0.5231344923377037
布袋百椛,末永桜花,0.5139159679412841
布袋百椛,矢作萌夏,0.507320781548818
小林亜実,布袋百椛,0.5145911574363708
中野郁海,布袋百椛,0.5189347863197327
南波陽向,布袋百椛,0.5363755855295393
布袋百椛,秋山眞緒,0.5547909736633301
大盛真歩,布袋百椛,0.5353467549596514
井上瑠夏,布袋百椛,0.5814289450645447
布袋百椛,池田楓,0.5124853253364563
布袋百椛,田中伊桜莉,0.534448504447937
布袋百椛,青木莉樺,0.5417402684688568
布袋百椛,長友彩海,0.5329315066337585
布袋百椛,田村菜月,0.5260783910751343
原望奈美,布袋百椛,0.5208311676979065
布袋百椛,花岡なつみ,0.5123342871665955
北村真菜,布袋百椛,0.5475866794586182
石丸謙二郎,高橋克実,0.5229929685592651
角ゆりあ,間野春香,0.5003911852836609
荒井萌,角ゆりあ,0.5056391954421997
柴野夕葵,角ゆりあ,0.5061973929405212
石塚美月,角ゆりあ,0.5364625453948975
中原みなみ,角ゆりあ,0.5277662873268127
溝口恵,角ゆりあ,0.5246608257293701
宮田俊哉,本郷奏多,0.5221504058156695
今井雅之,高知東生,0.5051692128181458
東貴博,高知東生,0.5101818442344666
原田龍二,高知東生,0.5437880754470825
マルシア,仁科亜季子,0.5288611054420471
マルシア,広末涼子,0.537213146686554
マルシア,真琴つばさ,0.5173571705818176
後藤真由子,村山彩希,0.5175481140613556
佐藤梨那,浦浜亜理沙,0.5183757245540619
武井咲,浦浜亜理沙,0.5103153347969055
川又優菜,浦浜亜理沙,0.5143207311630249
柴野夕葵,浦浜亜理沙,0.5089324116706848
堀田茜,浦浜アリサ,0.5959824323654175
アヤカ・ウィルソン,浦浜アリサ,0.5485471487045288
まりあ,浦浜アリサ,0.5344520211219788
カレン,浦浜アリサ,0.5166043043136597
岩松了,錦織一清,0.5082396864891052
岩松了,石破茂,0.5110920429229736
岡本怜奈,田中伊桜莉,0.5151629249254862
マツコ・デラックス,大黒摩季,0.5461260557174683
マツコ・デラックス,星田英利,0.5634570221106211
マツコ・デラックス,瀬戸内寂聴,0.5524298548698425
マツコ・デラックス,朝乃山英樹,0.502737820148468
マツコ・デラックス,山内健司,0.5161082744598389
マツコ・デラックス,小山明子,0.5621880718639919
工藤美桜,後藤聖良,0.5024027228355408
白井友紀乃,高木由麻奈,0.5228134592374166
安田美沙子,高木由麻奈,0.524446427822113
中原みなみ,佐藤梨那,0.5368688106536865
中原みなみ,斉藤優里,0.526045948266983
並木万里菜,片寄涼太,0.560641798708174
安西マリア,市川由衣,0.5355008641878763
安西マリア,橘ゆりか,0.5618853271007538
今田耕司,島田秀平,0.5223584592342376
今田耕司,石破茂,0.5164113752543926
今田耕司,柴田英嗣,0.5420704815122817
今田耕司,德永英明,0.5122298300266266
今田耕司,名倉潤,0.5190241535504659
今田耕司,小沢昭一,0.5183830857276917
中村七之助,萩野公介,0.559802254041036
中村獅童,萩野公介,0.5170475542545319
加治将樹,青木崇高,0.5168312788009644
加治将樹,宮沢静香,0.5103102922439575
宮﨑あおい,弘中綾香,0.5305879414081573
三宅ひとみ,速水ゆかこ,0.5390378534793854
速水ゆかこ,高橋一生,0.5195555090904236
安藤なつ,近藤春菜,0.5084402859210968
有田芳生,近藤春菜,0.5036014914512634
柴田英嗣,近藤春菜,0.5184634592798021
増田來亜,本間日陽,0.5126133561134338
並木万里菜,増田來亜,0.5033697485923767
ふせえり,石井苗子,0.5585876703262329
ふせえり,鷲尾真知子,0.5421481013298035
ふせえり,渡辺えり,0.5217034816741943
ふせえり,奈良岡朋子,0.5172928174336752
さくらまや,外薗葉月,0.5418699097633362
外薗葉月,浅井裕華,0.5126559138298035
小山明子,赤木春恵,0.5222707986831665
アヤカ・ウィルソン,安陪恭加,0.5952357451121012
まりあ,安陪恭加,0.5317123234272003
安陪恭加,菊川リサ,0.5526627898216248
堀田茜,安陪恭加,0.5318700522184372
安陪恭加,町音葉,0.5189308524131775
安陪恭加,沖田彩花,0.515891432762146
安田聖愛,阿部純子,0.5019251704216003
本間智恵,阿部純子,0.5391871333122253
野村佑香,阿部純子,0.5162747502326965
倉科カナ,阿部純子,0.5129737854003906
海老原優香,阿部純子,0.5389924645423889
阿部純子,高畑百合子,0.5022475123405457
吉本実憂,阿部純子,0.5378060936927795
大渕愛子,阿部純子,0.5184229016304016
河合龍之介,石垣佑磨,0.53595370054245
片寄涼太,石垣佑磨,0.5218164026737213
栗原類,石垣佑磨,0.5017780065536499
石垣佑磨,賀来賢人,0.5463265180587769
岸本加世子,阿川泰子,0.5666133165359497
久保田磨希,岸本加世子,0.5028030276298523
中村舞,長友彩海,0.5723968148231506
矢作萌夏,神志那結衣,0.5431673228740692
神志那結衣,齋藤飛鳥,0.5540262460708618
森平莉子,神志那結衣,0.5276553630828857
加藤智子,福本愛菜,0.514470100402832
加藤智子,原望奈美,0.5532060861587524
加藤智子,紺野あさ美,0.5163528919219971
つじかりん,和田愛菜,0.6187299688657125
久慈暁子,玉城ティナ,0.511626124382019
久慈暁子,海老原優香,0.5855221649010977
久慈暁子,佐藤梨那,0.5089713335037231
久慈暁子,永島優美,0.5856910281711154
小野武彦,高橋英樹,0.5740908656801497
高橋英樹,高田純次,0.5320274035135905
玉田志織,近藤萌恵里,0.5210332870483398
ほんまかよこ,根本宗子,0.5629591941833496
中尾明慶,南原清隆,0.5781291524569193
芹沢南,高橋一生,0.5489522218704224
芹沢南,鮎川穂乃果,0.5264716148376465
安倍麻美,芹沢南,0.5196095108985901
佐藤日向,芹沢南,0.516503095626831
紀真耶,芹沢南,0.5426423158496618
八木亜紀子,芹沢南,0.5118569731712341
佐藤真知子,芹沢南,0.5109630227088928
小林亜実,野中美郷,0.593379020690918
小林亜実,村井美樹,0.531560868024826
小林亜実,繁田美貴,0.5340439975261688
吉羽美華,小林亜実,0.5172141492366791
中村江里子,大下容子,0.5243451476097107
斉藤秀翼,玉山鉄二,0.5530127882957458
安達祐実,永作博美,0.528319239616394
安達祐実,高嶋菜七,0.5254518985748291
安達祐実,日比麻音子,0.5004961490631104
安達祐実,髙石あかり,0.5012993216514587
内村航平,則本昂大,0.5116977691650391
内村航平,大仁田厚,0.5602416694164276
宮本信子,渡辺えり,0.5424987748265266
坂本昌行,西田尚美,0.5259059369564056
荒野姫楓,齋藤飛鳥,0.5555830597877502
石塚美月,荒野姫楓,0.6145676126082739
本郷柚巴,荒野姫楓,0.5539311170578003
宮崎理奈,荒野姫楓,0.5117377042770386
村山優香,荒野姫楓,0.5248224139213562
根津甚八,船越英一郎,0.5386070013046265
石原慎太郎,船越英一郎,0.5204784274101257
船越英一郎,角野卓造,0.5240570902824402
石破茂,船越英一郎,0.5136800110340118
船越英一郎,関口宏,0.515784353017807
小沢昭一,船越英一郎,0.5056071281433105
中川大志,橋本良亮,0.5913549824194475
中川大志,加藤和樹,0.5575498938560486
中川大志,井ノ原快彦,0.5245426595211029
市川由衣,横山美雪,0.5250651240348816
本郷柚巴,磯佳奈江,0.6368359327316284
梅山恋和,磯佳奈江,0.5549444556236267
池田清彦,高田純次,0.5069906711578369
柴田理恵,池田清彦,0.5171111822128296
宝田明,池田清彦,0.5412608981132507
ケラリーノ・サンドロヴィッチ,水嶋ヒロ,0.5246756970882416
ケラリーノ・サンドロヴィッチ,峯田和伸,0.5478108326594034
ケラリーノ・サンドロヴィッチ,樹木希林,0.5274242077554975
ケラリーノ・サンドロヴィッチ,梅沢富美男,0.5779371857643127
ケラリーノ・サンドロヴィッチ,中川パラダイス,0.5301078259944916
ケラリーノ・サンドロヴィッチ,中原丈雄,0.5180499255657196
中西里菜,滝口ミラ,0.6538121302922567
弘中綾香,芦田愛菜,0.5631479399544852
芦田愛菜,飯豊まりえ,0.5457403924730089
田中瞳,芦田愛菜,0.5142503976821899
尾碕真花,芦田愛菜,0.5366297483444213
井上清華,芦田愛菜,0.5081761479377747
小松菜奈,芦田愛菜,0.5476333631409539
布施明,松本白鸚,0.5484747216105461
岸谷五朗,布施明,0.5103534162044525
佐藤浩市,布施明,0.5697465538978577
中尾明慶,布施明,0.5061202645301819
布施明,森田健作,0.532116677079882
山内健司,布施明,0.5116344094276428
布施明,杉村春子,0.5181110203266144
南原清隆,布施明,0.5010413527488708
三ツ木清隆,生瀬勝久,0.5187239646911621
三ツ木清隆,渡辺いっけい,0.5078427791595459
三ツ木清隆,岸谷五朗,0.5083116292953491
佐々木恭子,笹川友里,0.5166633725166321
南波陽向,斉藤優里,0.5441269874572754
斉藤優里,田中皓子,0.5122535228729248
かとうかず子,太田裕美,0.5374939441680908
かとうかず子,林美桜,0.5389726459980011
かとうかず子,石井苗子,0.5829092338681221
かとうかず子,山東昭子,0.5652051568031311
三沢明美,鷲尾真知子,0.5623114109039307
池田清彦,鷲尾真知子,0.5529768417278925
松原智恵子,鷲尾真知子,0.6285788714885712
ミヤコ蝶々,鷲尾真知子,0.6433965223176139
三沢明美,古村比呂,0.5661153197288513
望月琉叶,花岡なつみ,0.5170515179634094
宝田明,落合博満,0.5506625374158224
砂川啓介,落合博満,0.5135000944137573
扇千景,落合博満,0.5127494037151337
有田芳生,落合博満,0.5201154947280884
中村吉右衛門,生瀬勝久,0.5042670667171478
渡辺いっけい,生瀬勝久,0.5357515960931778
柴田英嗣,生瀬勝久,0.6161009413855416
井上貴博,生瀬勝久,0.5842897891998291
生瀬勝久,軽部真一,0.5681129395961761
生瀬勝久,齋藤孝,0.5403513759374619
東貴博,生瀬勝久,0.5731227993965149
生瀬勝久,阿藤快,0.5013524293899536
伊武雅刀,生瀬勝久,0.5531249046325684
大村崑,生瀬勝久,0.5036596655845642
佐藤聖羅,松下唯,0.5077524483203888
佐藤聖羅,美愛,0.5595140755176544
佐藤聖羅,日下部美愛,0.5319762428601583
伊達みきお,野村克也,0.5772142559289932
ジュンジュン,安藤千伽奈,0.501040518283844
桝太一,溝端淳平,0.5010054707527161
倉田大誠,桝太一,0.5380553603172302
忽那汐里,早瀬英里奈,0.5341809630393982
倉科カナ,早瀬英里奈,0.5155770182609558
早瀬英里奈,熊切あさ美,0.6310155391693115
椿原慶子,黒島結菜,0.5148488481839498
石原さとみ,黒島結菜,0.5422257781028748
加藤玲奈,安藤咲桜,0.5301136374473572
今野鮎莉,仲間由紀恵,0.5016786456108093
仲間由紀恵,安田聖愛,0.6072773536046346
入山法子,綾瀬はるか,0.5189441561698913
佐々木舞音,玉田志織,0.6336056987444559
大鶴義丹,根津甚八,0.5179214477539062
ささきいさお,根津甚八,0.5942063927650452
升毅,根津甚八,0.5523930887381235
中村吉右衛門,根津甚八,0.6345111429691315
根津甚八,羽場裕一,0.5232705473899841
太田裕美,愛加あゆ,0.5545186499754587
伊勢鈴蘭,望月琉叶,0.5186283588409424
山口智充,明石家さんま,0.5074144005775452
あめくみちこ,有沢比呂子,0.5552437901496887
奥貫薫,戸田恵子,0.5737116932868958
ささきいさお,哀川翔,0.5083715319633484
ささきいさお,高橋英樹,0.5368415713310242
ささきいさお,岡本栄,0.5152394771575928
ささきいさお,河野太郎,0.5481614786035874
ささきいさお,加山雄三,0.5206590741872787
ささきいさお,笠井信輔,0.5464049130678177
ささきいさお,升毅,0.5699458718299866
ホラン千秋,米倉涼子,0.5455658535162607
京唄子,内館牧子,0.5426797637572656
京唄子,美輪明宏,0.5658418893814087
橘ゆりか,櫻井淳子,0.5682637691497803
木村朱美,橘ゆりか,0.5456494688987732
ラサール石井,又吉直樹,0.5598272085189819
ラサール石井,西田敏行,0.5253336429595947
ラサール石井,尾木直樹,0.5379815101623535
林家木久扇,高田純次,0.5393176930291312
岸田森,高田純次,0.5052601099014282
大和田伸也,高田純次,0.5131074984868368
錦織一清,高田純次,0.5020803213119507
尾木直樹,高田純次,0.5022479891777039
小野武彦,高田純次,0.5594253485853021
平松邦夫,高田純次,0.530344769358635
輪島功一,高田純次,0.5137999355792999
大村崑,高田純次,0.5237202048301697
高橋克実,高田純次,0.5655136108398438
吉川晃司,高田純次,0.6195401310920715
岡本信人,高田純次,0.5519232749938965
ガッツ石松,高田純次,0.5367157459259033
加藤和樹,加藤慶祐,0.5841531917966646
加藤慶祐,片寄涼太,0.5882172839982169
中島史恵,黒川智花,0.5146616498629252
三浦浩一,近藤真彦,0.5248041749000549
三浦浩一,原田龍二,0.5849968194961548
ピエール瀧,三浦浩一,0.5108466148376465
三浦浩一,勝村政信,0.5593116879463196
米倉涼子,細貝沙羅,0.5285429954528809
中田有紀,細貝沙羅,0.5397367537021637
中条あやみ,細貝沙羅,0.5556701719760895
白石美帆,細貝沙羅,0.5160106420516968
ホラン千秋,細貝沙羅,0.5264689326286316
三沢明美,石橋けい,0.6904879978724888
山本雪乃,繁田美貴,0.5434645712375641
山本雪乃,村井美樹,0.52611243724823
佐藤真知子,山本雪乃,0.5360406339168549
山本雪乃,田中萌,0.5114508271217346
林美桜,菊池桃子,0.5716933570802212
安田成美,菊池桃子,0.5032455325126648
八木麻紗子,菊池桃子,0.527880330880483
宮崎美子,菊池桃子,0.5629672408103943
橋本愛,高橋一生,0.6065414547920227
佐藤日向,橋本愛,0.5783571600914001
橋本愛,鮎川穂乃果,0.572209358215332
橋本愛,橘美緒,0.5378634333610535
橋本愛,矢作萌夏,0.5333345532417297
山下美月,橋本愛,0.5306851267814636
橋本愛,玉田志織,0.5160216093063354
彩木咲良,橋本愛,0.5425038933753967
本郷奏多,橋本愛,0.5020851492881775
安達健太郎,水嶋ヒロ,0.5745463371276855
北村匠海,安達健太郎,0.5209193825721741
佐々木蔵之介,安達健太郎,0.5123221278190613
安達健太郎,橋本良亮,0.5027144551277161
辛坊治郎,近藤正臣,0.5355386535326639
菅井きん,近藤正臣,0.506614069143931
近藤正臣,高橋克実,0.5131644010543823
近藤正臣,間寛平,0.5054624080657959
近藤正臣,関口宏,0.5250221848487854
佐良直美,近藤正臣,0.5236536264419556
知花くらら,芦名星,0.540104866027832
天海祐希,芦名星,0.5186154246330261
細川愛実橋本マナミ,芦名星,0.6068134903907776
二階堂ふみ,虎南有香,0.5149450500806173
外山惠理,虎南有香,0.5184059739112854
岩城滉一,石井一久,0.5210500955581665
ピエール瀧,岩城滉一,0.503490686416626
光石研,岩城滉一,0.5416826844215393
原田龍二,阿部寛,0.5110402405261993
佐藤浩市,原田龍二,0.5419847846031189
哀川翔,浅香光代,0.5509742399056753
哀川翔,宝田明,0.5341344475746155
哀川翔,高橋英樹,0.5369638800621033
吉川晃司,哀川翔,0.5322261253992716
哀川翔,高田純次,0.5054664611816406
哀川翔,小野武彦,0.5623787982123238
哀川翔,水谷豊,0.559690572321415
哀川翔,萩生田光一,0.5187667459249496
哀川翔,河野太郎,0.5393823915057712
古川登志夫,哀川翔,0.5979214608669281
哀川翔,齋藤孝,0.5201946496963501
升田尚宏,哀川翔,0.5254115064938863
升毅,哀川翔,0.5350749492645264
光石研,哀川翔,0.5341991980870565
哀川翔,柴田英嗣,0.5205412805080414
哀川翔,軽部真一,0.5292084217071533
哀川翔,大竹まこと,0.5481183528900146
哀川翔,尾身茂,0.5107685476541519
哀川翔,柴田理恵,0.5449414253234863
中野愛理,今泉美利愛,0.5485048890113831
今泉美利愛,山本杏奈,0.5353598793347677
山田涼介,岩田剛典,0.5264298319816589
佐藤浩市,安住紳一郎,0.5152628620465597
佐々木蔵之介,佐藤浩市,0.5102947950363159
中江友梨,佐藤浩市,0.5596068700154623
佐藤浩市,矢野燿大,0.5555655029084947
佐藤浩市,東貴博,0.5032392144203186
佐藤浩市,石原裕次郎,0.5668978095054626
佐藤浩市,堺雅人,0.5158413946628571
佐藤浩市,舘ひろし,0.5501713156700134
佐藤浩市,吉川晃司,0.5155411183834075
永瀬正敏,高知東生,0.5271433889865875
三浦友和,永瀬正敏,0.5265444119771322
堀江貴文,永瀬正敏,0.5277451276779175
山寺宏一,永瀬正敏,0.6381639071873256
小椋佳,永瀬正敏,0.6310024738311768
永瀬正敏,輪島功一,0.5082229971885681
永瀬正敏,矢作兼,0.5196738839149475
古田新太,永瀬正敏,0.5611018657684326
あおい輝彦,あばれる君,0.5428988138834635
あおい輝彦,笠井信輔,0.5295222798983256
佐藤ちひろ,宇賀神メグ,0.6937251448631286
佐藤ちひろ,高橋一生,0.536012589931488
山田杏奈,池田楓,0.5077245533466339
南波陽向,山田杏奈,0.5743848019176059
ともさかりえ,鈴木京香,0.5124732255935669
ともさかりえ,小島聖,0.5039574801921844
ともさかりえ,戸田恵子,0.5259052217006683
ともさかりえ,本郷奏多,0.521477198600769
マイケル富岡,永瀬正敏,0.517768144607544
マイケル富岡,佐々木蔵之介,0.5029326915740967
マイケル富岡,玉山鉄二,0.5434093773365021
丸山隆平,南波雅俊,0.5135540962219238
吉本実憂,安田聖愛,0.5532703280448914
安田聖愛,村井美樹,0.5187961459159851
木内俐椛子,田中皓子,0.528311550617218
木内俐椛子,柴野夕葵,0.6710734665393829
木内俐椛子,竹本くるみ,0.6277436017990112
マイコ(女優),安田成美,0.5442637801170349
マイコ(女優),芦川いづみ,0.5105711817741394
柴田英嗣,軽部真一,0.5875671412795782
梅沢富美男,軽部真一,0.518360435962677
軽部真一,齋藤孝,0.5446898937225342
有馬優茄,鮎川穂乃果,0.553776741027832
加藤智子,有馬優茄,0.5375877022743225
舟木一夫,風間杜夫,0.5140034357706705
木下隆行,舟木一夫,0.5364255125706012
砂川啓介,舟木一夫,0.503899484872818
桂きん枝,舟木一夫,0.5268951058387756
世良公則,舟木一夫,0.523445188999176
加山雄三,舟木一夫,0.5920637249946594
中原丈雄,舟木一夫,0.5013553500175476
板尾創路,舟木一夫,0.5347491502761841
中野郁海,黒田楓和,0.5128406882286072
加藤和樹,戸次重幸,0.5019298195838928
加藤和樹,片寄涼太,0.5900512148033489
加藤和樹,国山ハセン,0.5020522475242615
加藤和樹,松本白鸚,0.5211339443922043
加藤和樹,岡本圭人,0.5430022478103638
加藤和樹,河合龍之介,0.5574671626091003
久保田秀敏,加藤和樹,0.6043731927871704
加藤和樹,鮎川穂乃果,0.6141365766525269
加藤和樹,安倍麻美,0.6117980778217316
加藤和樹,山下美月,0.5844990015029907
加藤和樹,神木隆之介,0.5239133238792419
中村七之助,加藤和樹,0.5141067306200663
加藤和樹,玉木宏,0.5113006234169006
上山千穂,林美桜,0.5130516120365688
上山千穂,石橋けい,0.513360857963562
上山千穂,浅田真央,0.5576481074094772
上山千穂,石川佳純,0.5330981016159058
三輪ひとみ,吉沢梨絵,0.6221016272902489
山田優,渡辺直美,0.5419430202907987
大泉洋,杉村春子,0.5074606935183207
杉村春子,西島秀俊,0.5209116339683533
扇千景,杉村春子,0.5265549208436694
杉村春子,松本白鸚,0.587605642420905
中村メイコ,杉村春子,0.5664770603179932
倉持明日香,安西かな,0.5217500776052475
二階堂ふみ,桐谷美玲,0.5085719227790833
奥田瑛二,関根勤,0.5032632350921631
あいはら友子,関根勤,0.5340760151545206
西村瑞樹,関根勤,0.5142823259035746
中川パラダイス,関根勤,0.5179778848375592
弘中綾香,飯豊まりえ,0.5142710705598196
尾碕真花,飯豊まりえ,0.5126720070838928
井上清華,飯豊まりえ,0.5115090608596802
まりあ,堀田茜,0.6408860912689796
まりあ,一色紗英,0.5423736969629923
まりあ,早見あかり,0.5872861742973328
光石研,浅井慎平,0.5616667866706848
光石研,間寛平,0.5273891091346741
光石研,高橋克実,0.571848281792232
光石研,芦屋雁之助,0.5251054763793945
光石研,小野武彦,0.5301875812666756
光石研,桝太一,0.5066688060760498
光石研,浅香光代,0.5573738813400269
光石研,岡本信人,0.5909221649169922
伊武雅刀,光石研,0.5131162802378336
タモリ,光石研,0.5235641201337179
光石研,松本白鸚,0.5495813369750977
光石研,宇梶剛士,0.5328416228294373
光石研,桂きん枝,0.5867007493972778
光石研,宮藤官九郎,0.5054885149002075
光石研,島田秀平,0.5018439292907715
井上貴博,東貴博,0.5126841266949972
井上貴博,柴田英嗣,0.5934707820415497
井上貴博,南波雅俊,0.5454120110062992
井上貴博,太田光,0.5168092548847198
井上貴博,矢作兼,0.515294094880422
加藤玲奈,安田叶,0.5308569669723511
中村俊輔,名波浩,0.6460654169321061
佐々木恭子,梅津弥英子,0.514626681804657
梅津弥英子,永作博美,0.5422729253768921
三谷紬,中川翔子,0.5120027661323547
中野郁海,保田圭,0.5351974368095398
保田圭,南波陽向,0.5380545854568481
佐々木蔵之介,安住紳一郎,0.5410857498645782
佐々木蔵之介,橋爪遼,0.5263146162033081
佐々木蔵之介,宮野真守,0.5285914937655131
佐々木蔵之介,大泉洋,0.5437108820134943
佐々木蔵之介,渡部建,0.5429697831471761
佐々木蔵之介,杉村春子,0.5275205373764038
みのもんた,吉田義男,0.5165192484855652
吉田義男,輪島功一,0.5063250660896301
海老原優香,福本愛菜,0.5178460478782654
村井美樹,海老原優香,0.5910204927126567
大盛真歩,海老原優香,0.5003417134284973
久冨慶子,海老原優香,0.5018467307090759
斉藤優里,海老原優香,0.5186033844947815
芦屋雁之助,輪島功一,0.5041381120681763
木下隆行,芦屋雁之助,0.5715713037384881
島田秀平,芦屋雁之助,0.5561509132385254
桂きん枝,芦屋雁之助,0.5397453546524048
浅井慎平,芦屋雁之助,0.5432679057121277
岡本信人,芦屋雁之助,0.533409833908081
芦屋雁之助,高橋克実,0.5049521327018738
名取稚菜,野中美郷,0.5008907318115234
名倉潤,西村瑞樹,0.546855378895998
ゴルゴ松本,西村瑞樹,0.5240060091018677
ピエール瀧,西村瑞樹,0.506553441286087
久保田秀敏,神木隆之介,0.5043217539787292
久保田秀敏,片寄涼太,0.55156010389328
久保田秀敏,加藤慶祐,0.5455560684204102
久保田秀敏,高橋一生,0.6124221682548523
久保田秀敏,鮎川穂乃果,0.5368701815605164
久保田秀敏,安倍麻美,0.5245774984359741
久保田秀敏,山﨑努,0.5127103328704834
三宅ひとみ,久保田秀敏,0.502206563949585
久保田秀敏,戸次重幸,0.5828188061714172
佐藤日向,高橋一生,0.5712891221046448
えなりかずき,三中元克,0.5241078734397888
ミヤコ蝶々,三田和代,0.7009545167287191
ピエール瀧,国分太一,0.5139002799987793
国分太一,阿部渡,0.5116006284952164
国分太一,奥田瑛二,0.5072810649871826
国分太一,堺雅人,0.5059064030647278
国分太一,片寄涼太,0.5231842398643494
中田敦彦,柄本時生,0.5039743781089783
南波陽向,新田桃子,0.5148730973402659
佐藤梨那,新田桃子,0.5023225545883179
新田桃子,本間日陽,0.5322675704956055
ミヤコ蝶々,飯塚悟志,0.6215776026248931
岩橋玄樹,岩田剛典,0.5039658844470978
佐々木望,菅広文,0.508825808763504
柄本時生,菅広文,0.5097652872403463
大槻ケンヂ,菅広文,0.5781320035457611
後藤輝基,菅広文,0.5310667753219604
原望奈美,為永幸音,0.5190677344799042
原望奈美,福本愛菜,0.5379238426685333
原望奈美,有馬優茄,0.5142449736595154
佐伯大地,加藤慶祐,0.5073997676372528
倉科カナ,小倉優香,0.568747341632843
千眼美子,小倉優香,0.5799659788608551
中野郁海,溝口恵,0.5225114358796014
矢作萌夏,鮎川穂乃果,0.5706685185432434
矢作萌夏,高橋一生,0.5552136301994324
三宅ひとみ,矢作萌夏,0.5187400579452515
おりも政夫,石原裕次郎,0.5268957018852234
今井雅之,石原裕次郎,0.5003082752227783
升毅,石原裕次郎,0.5211300253868103
内海哲也,石原裕次郎,0.5293483734130859
石原裕次郎,稲垣吾郎,0.537787914276123
三谷幸喜,竹中直人,0.5296118458112081
竹中直人,遠藤憲一,0.5282115340232849
塚本晋也,竹中直人,0.5181501507759094
ウド鈴木,竹中直人,0.5319899916648865
石丸謙二郎,竹中直人,0.5146540999412537
平松邦夫,竹中直人,0.5185946822166443
杉原千尋,野村佑香,0.6155867179234823
服部真湖,野村佑香,0.5252370834350586
白石美帆,野村佑香,0.5600329339504242
奈良岡朋子,樹木希林,0.5498480200767517
久世星佳,大谷直子,0.5301235318183899
大谷直子,山東昭子,0.5459305047988892
オダギリジョー,玉木宏,0.5076081156730652
アヤカ・ウィルソン,オダギリジョー,0.5221078395843506
まりあ,オダギリジョー,0.518749475479126
堀江貴文,東貴博,0.5427665710449219
内海哲也,堀江貴文,0.5526840885480245
堀江貴文,高橋慶彦,0.5408481359481812
堀江貴文,石井正則,0.5040833353996277
堀江貴文,島田秀平,0.5482651218771935
堀江貴文,山口智充,0.5373310446739197
堀江貴文,西田敏行,0.5227372646331787
堀江貴文,渡辺いっけい,0.5328955426812172
堀江貴文,石丸謙二郎,0.5831343531608582
堀江貴文,高知東生,0.5879963636398315
中原丈雄,堀江貴文,0.5423283576965332
ユースケ・サンタマリア,西島秀俊,0.5047929883003235
渡部建,西島秀俊,0.5277239382266998
平松邦夫,西島秀俊,0.5090930660565695
戸次重幸,西島秀俊,0.5009331107139587
西島秀俊,関根勤,0.5404866337776184
安倍麻美,鮎川穂乃果,0.6296889015606472
深田恭子,鮎川穂乃果,0.5255323052406311
海保知里,鮎川穂乃果,0.523756206035614
渡辺由架,鮎川穂乃果,0.5226236780484518
山下美月,鮎川穂乃果,0.5725395977497101
我妻桃実,鮎川穂乃果,0.5104078948497772
入山法子,鮎川穂乃果,0.5292084614435831
原幹恵,秦佐和子,0.5345437526702881
原幹恵,吉本実憂,0.502228319644928
はいだしょうこ,原幹恵,0.5609980821609497
原幹恵,河北麻友子,0.5082384347915649
原幹恵,百田夏菜子,0.506254255771637
小山慶一郎,渡部建,0.5634753108024597
中村俊輔,小山慶一郎,0.5282892054981656
柴田英嗣,稲垣吾郎,0.5392708778381348
エド山口,石原慎太郎,0.5384770035743713
エド山口,関口宏,0.5151061415672302
エド山口,小沢昭一,0.5160619914531708
エド山口,吉田義男,0.5107055306434631
緒形直人,青木崇高,0.5045821368694305
勝間和代,榮倉奈々,0.5269267559051514
マルシア,榮倉奈々,0.512826681137085
ピエール瀧,香取慎吾,0.536500096321106
島田秀平,香取慎吾,0.5451798766851426
益子卓郎,香取慎吾,0.5045910080273946
石原慎太郎,間寛平,0.5805078148841858
石原慎太郎,近藤正臣,0.5146721005439758
石原慎太郎,関口宏,0.5144604444503784
石原慎太郎,福本清三,0.5442341566085815
三浦友和,石原慎太郎,0.511477530002594
横山智佐,花島優子,0.5859136059880257
熊切あさ美,花島優子,0.5239225029945374
升毅,羽場裕一,0.5606127636773246
三浦友和,羽場裕一,0.5319133400917053
石田純一,羽場裕一,0.5101762215296427
羽場裕一,萩生田光一,0.5275360465049743
梅沢富美男,羽場裕一,0.5019773244857788
佐藤健,西川遥輝,0.5175486207008362
三谷幸喜,河野太郎,0.5744321445624033
カンニング竹山,三谷幸喜,0.5151462912559509
松崎しげる,石原伸晃,0.504163920879364
仁科亜季子,小原正子,0.5109467506408691
伊藤剛臣,益子卓郎,0.5262278318405151
益子卓郎,立花孝志,0.5098822712898254
德永英明,益子卓郎,0.5521244917597089
瀬戸内寂聴,益子卓郎,0.5622888505458832
森田健作,益子卓郎,0.5172657817602158
星田英利,益子卓郎,0.5162526667118073
河本準一,益子卓郎,0.5029795169830322
島田秀平,益子卓郎,0.5108156204223633
堀田茜,菊川リサ,0.5810700688097212
アヤカ・ウィルソン,菊川リサ,0.5355697274208069
浦浜アリサ,菊川リサ,0.5055229663848877
カンニング竹山,河野太郎,0.5132473111152649
世良公則,澤部佑,0.5029857754707336
山内健司,輪島大士,0.5111075639724731
あばれる君,中村獅童,0.5167553424835205
あばれる君,升田尚宏,0.5865494608879089
山口智充,西田敏行,0.5783780564864477
大和田伸也,西田敏行,0.5407465994358063
西田敏行,野村克也,0.5662702918052673
西田敏行,間寛平,0.552585244178772
西田敏行,高橋克実,0.5402135848999023
安藤優也,西田敏行,0.5115025043487549
橋本良亮,片寄涼太,0.5639092061254714
橋本良亮,賀来賢人,0.5405779033899307
橋本良亮,永瀬匡,0.5294903516769409
岩田剛典,橋本良亮,0.5297756791114807
梅宮アンナ,櫻井淳子,0.5969485640525818
梅宮アンナ,石川亜沙美,0.6144116580486297
浅井慎平,高橋克実,0.550849007235633
桂きん枝,浅井慎平,0.5302101572354635
浅井慎平,舘ひろし,0.5224116444587708
今井雅之,平松邦夫,0.5187429785728455
今井雅之,南原清隆,0.5647935926914215
今井雅之,森田健作,0.5703720450401306
今井雅之,高橋英樹,0.5404795110225677
今井雅之,水谷豊,0.5299690365791321
今井雅之,名波浩,0.511949434876442
上戸彩,天海祐希,0.5989463925361633
坂本莉央,星野希,0.5348076820373535
安倍麻美,山下美月,0.5782090306282044
安倍麻美,渡辺由架,0.5754675716161728
伊藤剛臣,大熊英司,0.5072869062423706
大熊英司,野村克也,0.50542813539505
大沢たかお,有馬隼人,0.5216863632202149
冨吉明日香,古澤愛,0.5442614456017812
古澤愛,田中伊桜莉,0.5182903409004211
古澤愛,植田碧麗,0.524215817451477
古澤愛,梅本泉,0.5300893783569336
木村美穂,梅沢富美男,0.5139348804950714
大村崑,梅沢富美男,0.5079822540283203
柴田理恵,梅沢富美男,0.5217971801757812
彩木咲良,秦佐和子,0.5577936768531799
間寛平,高橋克実,0.5800472140312195
板尾創路,高橋克実,0.5971041321754456
角野卓造,高橋克実,0.5055963198343912
岡本信人,高橋克実,0.5321330428123474
三谷紬,瑞季,0.5241805116335551
瑞季,高橋一生,0.576777458190918
安倍麻美,瑞季,0.5237133502960205
瑞季,鮎川穂乃果,0.5132133960723877
加藤和樹,瑞季,0.5116994976997375
渡辺由架,瑞季,0.5230494141578674
佐藤真知子,瑞季,0.5365564624468485
大盛真歩,瑞季,0.5168516635894775
佐藤詩識,瑞季,0.5092561841011047
南波陽向,瑞季,0.5037870407104492
八木麻紗子,瑞季,0.5215014219284058
吉羽美華,瑞季,0.5171358585357666
向井康二,宮舘涼太,0.6421567267841763
北村優羽,大盛真歩,0.600455105304718
北村優羽,南波陽向,0.5542785839030617
加藤和樹,笹川友里,0.521393358707428
木村朱美,笹川友里,0.5130109786987305
伊武雅刀,松本白鸚,0.546073317527771
伊武雅刀,橋爪功,0.5006346106529236
伊武雅刀,桂きん枝,0.5290402770042419
大和田伸也,板尾創路,0.5578147967656454
升毅,板尾創路,0.5290819108486176
板尾創路,高橋一生,0.6088343262672424
山下美月,板尾創路,0.5303581357002258
加藤和樹,板尾創路,0.5006143450737
板尾創路,萩生田光一,0.5073082447052002
板尾創路,滝沢秀明,0.5074294209480286
山寺宏一,生瀬勝久,0.5304678380489349
大西結花,持田香織,0.5204513370990753
八木麻紗子,江藤愛,0.5084149738152822
大泉洋,松本白鸚,0.5523732900619507
大槻ケンヂ,大泉洋,0.5220809578895569
佐々木明子,沢田亜矢子,0.5351487077199496
大塚寧々,沢田亜矢子,0.5000909566879272
宇賀神メグ,沢田亜矢子,0.6047188341617584
はいだしょうこ,沢田亜矢子,0.5915694832801819
益岡徹,石田純一,0.5172974467277527
堀田眞三,益岡徹,0.560313171810574
はいだしょうこ,山下美月,0.5374563137690226
山下美月,齋藤飛鳥,0.6037755489349366
なな茶,山下美月,0.5002482533454895
山下美月,山本杏奈,0.5279796918233236
スザンヌ,吉沢梨絵,0.5052256286144257
スザンヌ,宮崎美子,0.5070655345916748
島田秀平,池田勇太,0.5450517386198044
池田勇太,澤村拓一,0.5276027454270257
後藤輝基,池田勇太,0.5134540498256683
宮藤官九郎,池田勇太,0.5016113519668579
春香クリスティーン,白石美帆,0.5245310664176941
玉山鉄二,玉木宏,0.526194155216217
中村七之助,玉木宏,0.5092535785266331
水嶋ヒロ,玉木宏,0.5271247029304504
大沢たかお,玉木宏,0.5239292681217194
渡辺由架,滝口ミラ,0.7189901404910617
渡辺由架,高橋一生,0.547768235206604
徳永千奈美,渡辺由架,0.5087288022041321
海保知里,渡辺由架,0.5609740614891052
伊達みきお,安藤なつ,0.5192257165908813
三宅正治,伊達みきお,0.5324804425239563
哀川翔,松本白鸚,0.5209813117980957
松本白鸚,萩原健一,0.5144860148429871
宇梶剛士,松本白鸚,0.5190227627754211
岡村隆史,松本白鸚,0.5321481823921204
大倉孝二,松本白鸚,0.5020310282707214
安宅晃樹,片寄涼太,0.5065116286277771
加藤和樹,安宅晃樹,0.5595693588256836
一色紗英,天海祐希,0.5352758765220642
一色紗英,安奈淳,0.5163282155990601
一色紗英,堀田茜,0.5309367179870605
古川登志夫,間寛平,0.6042034849524498
キムラ緑子,古川登志夫,0.5288525422414144
古川登志夫,小沢昭一,0.5111291209856669
古川登志夫,火野正平,0.5436059236526489
古川登志夫,高橋克実,0.5347691178321838
勝間和代,吉沢梨絵,0.503643736243248
久世星佳,安田成美,0.5190536975860596
大竹まこと,角野卓造,0.529668778181076
習近平,角野卓造,0.5219484567642212
林家木久扇,角野卓造,0.538688063621521
角野卓造,辛坊治郎,0.5288168589274088
角野卓造,間寛平,0.5218567728996277
椎名誠,角野卓造,0.5149117410182953
板尾創路,角野卓造,0.5177182555198669
明石家さんま,角野卓造,0.5408737063407898
角野卓造,関口宏,0.5171434879302979
まりあ,アヤカ・ウィルソン,0.6247065464655558
アヤカ・ウィルソン,町音葉,0.5418190062046051
アヤカ・ウィルソン,堀田茜,0.5692288478215536
アヤカ・ウィルソン,沖田彩花,0.5306139588356018
小野武彦,平松邦夫,0.5976734757423401
小野武彦,萩生田光一,0.5006150007247925
松下由樹,真琴つばさ,0.526678204536438
久世星佳,鷲尾真知子,0.5090362429618835
久世星佳,池波志乃,0.5152350068092346
久世星佳,加藤登紀子,0.5055357813835144
久世星佳,松原智恵子,0.544020265340805
坂口渚沙,宮本佳林,0.5052679181098938
美輪明宏,西川貴教,0.5447552137904697
大村崑,間寛平,0.5208308100700378
大村崑,石原慎太郎,0.554850310087204
大村崑,椎名誠,0.5075482130050659
さいねい龍二,海保知里,0.5380194783210754
はいだしょうこ,宇賀神メグ,0.5897553563117981
中田有紀,杉野真実,0.5540074110031128
光石研,石原伸晃,0.5172626972198486
夏帆,紀真耶,0.52142533659935
夏帆,知花くらら,0.5668537318706512
夏帆,芦名星,0.5054483413696289
夏帆,田中萌,0.5317511856555939
夏帆,白石美帆,0.5292923748493195
夏帆,村井美樹,0.5003575682640076
八木麻紗子,夏帆,0.5029129385948181
佐藤真知子,夏帆,0.5305744409561157
おぎやはぎ小木,河野太郎,0.5136215686798096
中村七之助,天海祐希,0.6624346375465393
橘ゆりか,白石美帆,0.5259177386760712
久冨慶子,白石美帆,0.6309389173984528
林家木久扇,石原伸晃,0.5187404326030186
林家木久扇,甲本雅裕,0.5155519644419352
林家木久扇,高橋克実,0.50689697265625
林家木久扇,間寛平,0.5119130810101827
小野武彦,林家木久扇,0.5519189536571503
林家木久扇,渥美清,0.5163967162370682
古田新太,林家木久扇,0.5018802285194397
林家木久扇,輪島功一,0.5127782225608826
マギー司郎,林家木久扇,0.5119707584381104
大塚寧々,浅田真央,0.5349293862070356
勝間和代,大塚寧々,0.5221578677495321
原田佳奈,大塚寧々,0.5157181024551392
大塚寧々,永作博美,0.5200026631355286
佐々木恭子,大塚寧々,0.5017070174217224
木村美穂,椎名林檎,0.514774739742279
吉沢梨絵,木村美穂,0.5068193674087524
岡本信人,桂きん枝,0.5802208185195923
岩城滉一,桂きん枝,0.5351079106330872
桂きん枝,関口宏,0.587065577507019
三沢明美,芦川いづみ,0.5311212986707687
佐藤ちひろ,芦川いづみ,0.5123491883277893
中村美律子,岩尾望,0.5361772435052055
杉上佐智枝,高畑百合子,0.5336603468114679
佐藤ミケーラ倭子,林美桜,0.5501603417926364
布谷梨琉,枡田絵理奈,0.5076760649681091
宮野真守,岩田剛典,0.5168123841285706
井ノ原快彦,宮野真守,0.5369724333286285
柴田英嗣,齋藤孝,0.6536401131978402
尾身茂,齋藤孝,0.6011314868927002
三沢明美,中井ゆかり,0.5259715914726257
中村七之助,瀬戸大也,0.525006890296936
大野智,瀬戸大也,0.5110450983047485
大原優乃,宮崎理奈,0.5299095511436462
とよた真帆,中村美律子,0.5449645320574442
三谷幸喜,小椋佳,0.5604262351989746
小椋佳,山寺宏一,0.5603896260261536
タモリ,小椋佳,0.6417230665683746
小椋佳,浅香光代,0.5743534564971924
こだま愛,永江孝子,0.5082402527332306
冨吉明日香,高嶋菜七,0.5694803148508072
白鳥百合子,高嶋菜七,0.5096165537834167
みのもんた,甲本雅裕,0.5273880958557129
みのもんた,古田新太,0.5231539160013199
みのもんた,小沢昭一,0.5465671832744892
みのもんた,高橋克実,0.5496960580348969
みのもんた,福本清三,0.5196487307548523
みのもんた,岸部一徳,0.5178016225496928
みのもんた,立花孝志,0.5362971127033234
吉田鋼太郎,宝田明,0.5741461581654019
宝田明,間寛平,0.5418351888656616
宝田明,尾身茂,0.5104418396949768
三田友梨佳,橋本楓,0.5111231207847595
三谷幸喜,窪塚俊介,0.5652171836958991
柄本佑,石原伸晃,0.5593530535697937
新井浩文,石井正則,0.5263132651646932
南波雅俊,新井浩文,0.5208016633987427
千眼美子,野田聖子,0.5028327703475952
岸惠子,野田聖子,0.5250498652458191
あき竹城,野田聖子,0.5674352645874023
小池百合子,野田聖子,0.5946453809738159
大黒摩季,野田聖子,0.508294403553009
永江孝子,野田聖子,0.5086237788200378
浅田真央,荒井玲良,0.5138791799545288
上戸彩,荒井玲良,0.5217883586883545
南波陽向,宮本佳林,0.5300789177417755
宮本佳林,田中伊桜莉,0.5348897457122803
三好杏依,伊藤祐奈,0.5016868710517883
堺雅人,窪塚俊介,0.5207169922915372
吉沢梨絵,椎名林檎,0.6640085220336914
椎名林檎,真琴つばさ,0.5121088027954102
伊東四朗,河野太郎,0.529069721698761
伊東四朗,大和田伸也,0.5125482082366943
三宅正治,伊東四朗,0.5287087559700012
伊東四朗,習近平,0.5078608393669128
ルー大柴,松重豊,0.5259828832414415
佐々木蔵之介,松重豊,0.5075565179189047
松重豊,河野太郎,0.5107983648777008
松重豊,萩原健一,0.5122429132461548
天海祐希,深津絵里,0.555118054151535
上田晋也,南波雅俊,0.5853075385093689
紺野あさ美,繁田美貴,0.5342344045639038
山内鈴蘭,紺野あさ美,0.5516985058784485
矢口真里,紺野あさ美,0.5467069257389415
椎名林檎,紺野あさ美,0.5057424902915955
テリー伊藤,大林宣彦,0.5564946830272675
テリー伊藤,松本白鸚,0.5482329845428466
中村麻里子,間野春香,0.5171169489622116
中廣弥生,間野春香,0.5317723080515862
井上高志,柄本時生,0.5138262510299683
松浦大悟,柄本時生,0.5067808628082275
大槻ケンヂ,柄本時生,0.5053841471672058
大沢たかお,柄本時生,0.533576121697059
島谷ひとみ,有働由美子,0.5248513221740723
渡部建,秋山幸二,0.5413652857144674
原田泰造,秋山幸二,0.5016282200813293
秋山幸二,間寛平,0.5965186059474945
火野正平,秋山幸二,0.591824471950531
ピエール瀧,秋山幸二,0.5057333707809448
ピエール瀧,佐藤隆太,0.5797983010609945
ルー大柴,萩原健一,0.5100643634796143
ピエール瀧,萩原健一,0.5636010430753231
河野太郎,萩原健一,0.5232670903205872
三宅正治,萩原健一,0.5192281603813171
なべおさみ,萩原健一,0.5100006461143494
片寄涼太,香田晋,0.6076337844133377
賀来賢人,香田晋,0.5945940017700195
さとう珠緒,皆川玲奈,0.5366050839424134
さとう珠緒,櫻井淳子,0.515947679678599
さとう珠緒,角谷暁子,0.5305712819099426
佐藤朱,望月琉叶,0.5965277254581451
穴井千尋,紀真耶,0.5149938762187958
中原みなみ,菊地最愛,0.5286837220191956
紀真耶,菊地最愛,0.5356987516085306
村井美樹,菊地最愛,0.5114349722862244
後呂有紗,菊地最愛,0.5053291916847229
ミヤコ蝶々,山内健司,0.6188471674919128
ミヤコ蝶々,瀬戸内寂聴,0.5111585259437561
ミヤコ蝶々,森田健作,0.6556179225444794
杉上佐智枝,細川愛実橋本マナミ,0.5099378824234009
中里萌,我妻桃実,0.5445887957300458
千眼美子,蒼井優,0.5258194941740769
国山ハセン,戸次重幸,0.5578610897064209
国山ハセン,片寄涼太,0.5234253661973136
国山ハセン,賀来賢人,0.5197647511959076
宮澤智,本郷柚巴,0.5106298327445984
中原みなみ,本郷柚巴,0.571426510810852
ガッツ石松,佐藤蛾次郎,0.5026466548442841
ガッツ石松,小野武彦,0.5152314901351929
ガッツ石松,石原慎太郎,0.5163142482439677
ガッツ石松,吉田義男,0.5098012685775757
ガッツ石松,芦屋雁之助,0.5137343406677246
ガッツ石松,間寛平,0.5137203931808472
ガッツ石松,輪島功一,0.5387238264083862
ガッツ石松,椎名誠,0.5851146131753922
ガッツ石松,古田新太,0.5071195363998413
大谷悠妃,齋藤飛鳥,0.5192293226718903
並木万里菜,齋藤飛鳥,0.525702178478241
溝口恵,齋藤飛鳥,0.5282765626907349
石塚美月,齋藤飛鳥,0.5102652311325073
佐藤真知子,齋藤飛鳥,0.5007055997848511
内海哲也,古田新太,0.5176769345998764
植村花菜,永江孝子,0.5443827311197916
八木亜紀子,植村花菜,0.552129062016805
植村花菜,紀真耶,0.5799720287322998
吉川美代子,阿川泰子,0.5047277212142944
市川寛子,泉はる,0.5146366357803345
水嶋ヒロ,渋谷すばる,0.5452233382633754
櫻井淳子,石川亜沙美,0.6607169707616171
安田和博,明石家さんま,0.5301328380902608
島田秀平,明石家さんま,0.5161144852638244
堺正章,明石家さんま,0.5333495497703552
ピエール瀧,明石家さんま,0.533166229724884
明石家さんま,間寛平,0.5233439008394877
明石家さんま,火野正平,0.5072693228721619
明石家さんま,高橋克実,0.5775002241134644
明石家さんま,福本清三,0.5519769191741943
明石家さんま,池田清彦,0.5166749358177185
佐藤健,神木隆之介,0.5402321815490723
佐藤健,本郷奏多,0.5049781799316406
マギー司郎,間寛平,0.5310999751091003
原田佳奈,忽那汐里,0.5880715847015381
原田佳奈,浅田真央,0.5330659747123718
原田佳奈,石川佳純,0.5043823719024658
宮崎理奈,溝口恵,0.5358536839485168
さいねい龍二,永江孝子,0.5160457193851471
さいねい龍二,戸田恵子,0.5255361066924201
さいねい龍二,片寄涼太,0.5506771973201207
さいねい龍二,大槻ケンヂ,0.523666779200236
杉野真実,橘ゆりか,0.5092949867248535
市川寛子,杉野真実,0.5633071462313334
杉野真実,細貝沙羅,0.5146127939224243
杉野真実,米倉涼子,0.537649393081665
大倉孝二,森田健作,0.5319156050682068
なな茶,吉田彩良,0.6981561713748508
ピエール瀧,寺田農,0.5232252478599548
寺田農,阿部渡,0.508125364780426
寺田農,尾木直樹,0.544079452753067
菅井きん,辛坊治郎,0.5910096019506454
大島美幸,菅井きん,0.517302393913269
菅井きん,間寛平,0.5316402614116669
ガッツ石松,菅井きん,0.5116978287696838
安藤優也,葉加瀬太郎,0.5135176181793213
山口智充,葉加瀬太郎,0.5144360264142355
名波浩,葉加瀬太郎,0.5267691016197205
佐々木明子,瀬川瑛子,0.5990388128492568
安藤希,高橋一生,0.5882230401039124
安藤希,鮎川穂乃果,0.5289553999900818
安倍麻美,安藤希,0.5060244599978129
佐野玲於,窪塚俊介,0.5306485295295715
上原多香子,角谷暁子,0.6265731050122169
皆川玲奈,角谷暁子,0.5366217692693075
竹本くるみ,角谷暁子,0.5759869813919067
加藤貴子,西田尚美,0.525219738483429
永江孝子,西田尚美,0.5501884743571281
八木亜紀子,西田尚美,0.5191145539283752
三宅正治,有田芳生,0.5328093469142914
有田芳生,泉谷しげる,0.5090309977531433
尾身茂,間寛平,0.6263071258862813
大仁田厚,間寛平,0.5553680062294006
吉田義男,間寛平,0.6641533772150675
宇梶剛士,間寛平,0.5323262512683868
一青窈,松嶋菜々子,0.5412043631076813
ホラン千秋,松野未佳,0.5194377303123474
ホラン千秋,永島優美,0.5367571413516998
ホラン千秋,三吉彩花,0.5363976756731669
ホラン千秋,石川亜沙美,0.5423777103424072
ホラン千秋,櫻井淳子,0.5272318124771118
戸田恵子,河野明子,0.5416125158468882
島田陽子,河野明子,0.5050757527351379
有働由美子,河野明子,0.5244626104831696
古原靖久,神木隆之介,0.5062564611434937
秦佐和子,美愛,0.5272567272186279
日下部美愛,秦佐和子,0.513166069984436
